Email,Numero Fattura,Importo,Data Fattura,Stato,Data Scadenza
beffamario@example.org,INV-2025-0001,1928.61,2024-12-12,Saldata,2025-02-10
qparri@example.net,INV-2025-0002,248.85,2023-08-27,Non saldata,2023-10-26
combonicecilia@example.org,INV-2025-0003,1397.23,2025-05-04,Non saldata,2025-07-03
pnovaro@example.org,INV-2025-0004,784.91,2024-01-27,Non saldata,2024-03-27
hventuri@example.net,INV-2025-0005,193.89,2024-09-19,Saldata,2024-11-18
hventuri@example.net,INV-2025-0006,1910.08,2024-11-18,Saldata,2025-01-17
hventuri@example.net,INV-2025-0007,407.68,2024-07-25,Non saldata,2024-09-23
qparri@example.net,INV-2025-0008,111.51,2024-08-11,Saldata,2024-10-10
paulina16@example.org,INV-2025-0009,60.88,2025-01-23,Saldata,2025-03-24
pnovaro@example.org,INV-2025-0010,1487.59,2025-01-06,Non saldata,2025-03-07
beffamario@example.org,INV-2025-0011,1477.6,2024-03-05,Saldata,2024-05-04
fredo26@example.org,INV-2025-0012,1627.19,2023-08-31,Saldata,2023-10-30
hventuri@example.net,INV-2025-0013,312.88,2024-07-11,Non saldata,2024-09-09
tizianopaltrinieri@example.com,INV-2025-0014,1166.05,2024-02-26,Non saldata,2024-04-26
iannottiuberto@example.org,INV-2025-0015,1825.05,2024-03-17,Saldata,2024-05-16
pnovaro@example.org,INV-2025-0016,648.49,2023-08-13,Saldata,2023-10-12
iannottiuberto@example.org,INV-2025-0017,638.87,2023-12-09,Saldata,2024-02-07
fredo26@example.org,INV-2025-0018,135.92,2023-06-26,Non saldata,2023-08-25
fredo26@example.org,INV-2025-0019,895.57,2024-10-26,Non saldata,2024-12-25
combonicecilia@example.org,INV-2025-0020,1424.04,2024-09-09,Non saldata,2024-11-08
fredo26@example.org,INV-2025-0021,1852.89,2025-03-26,Saldata,2025-05-25
qparri@example.net,INV-2025-0022,1357.46,2025-03-29,Non saldata,2025-05-28
hventuri@example.net,INV-2025-0023,314.07,2024-12-22,Non saldata,2025-02-20
combonicecilia@example.org,INV-2025-0024,958.55,2024-10-23,Saldata,2024-12-22
iannottiuberto@example.org,INV-2025-0025,1668.55,2025-02-14,Non saldata,2025-04-15
hventuri@example.net,INV-2025-0026,1990.4,2024-03-02,Saldata,2024-05-01
hventuri@example.net,INV-2025-0027,970.04,2025-03-10,Saldata,2025-05-09
tizianopaltrinieri@example.com,INV-2025-0028,1447.56,2025-05-03,Saldata,2025-07-02
combonicecilia@example.org,INV-2025-0029,1649.05,2024-12-23,Non saldata,2025-02-21
qparri@example.net,INV-2025-0030,815.39,2024-10-30,Non saldata,2024-12-29
qparri@example.net,INV-2025-0031,1851.56,2024-04-06,Saldata,2024-06-05
hventuri@example.net,INV-2025-0032,1103.89,2023-08-13,Non saldata,2023-10-12
hventuri@example.net,INV-2025-0033,1711.35,2024-05-25,Saldata,2024-07-24
pnovaro@example.org,INV-2025-0034,1482.04,2023-09-16,Non saldata,2023-11-15
hventuri@example.net,INV-2025-0035,1308.84,2024-03-25,Non saldata,2024-05-24
fredo26@example.org,INV-2025-0036,1426.15,2024-10-04,Saldata,2024-12-03
fredo26@example.org,INV-2025-0037,1807.39,2023-09-30,Saldata,2023-11-29
combonicecilia@example.org,INV-2025-0038,1014.77,2024-04-04,Saldata,2024-06-03
pnovaro@example.org,INV-2025-0039,564.21,2023-11-09,Non saldata,2024-01-08
qparri@example.net,INV-2025-0040,422.45,2024-06-29,Saldata,2024-08-28
beffamario@example.org,INV-2025-0041,166.4,2023-11-12,Non saldata,2024-01-11
tizianopaltrinieri@example.com,INV-2025-0042,1716.59,2024-12-20,Saldata,2025-02-18
iannottiuberto@example.org,INV-2025-0043,1512.24,2024-01-06,Non saldata,2024-03-06
combonicecilia@example.org,INV-2025-0044,1265.44,2024-03-15,Saldata,2024-05-14
fredo26@example.org,INV-2025-0045,305.14,2025-02-06,Saldata,2025-04-07
pnovaro@example.org,INV-2025-0046,183.37,2025-02-13,Non saldata,2025-04-14
ubonino@example.net,INV-2025-0047,896.41,2023-06-06,Non saldata,2023-08-05
beffamario@example.org,INV-2025-0048,1247.86,2024-06-01,Non saldata,2024-07-31
fredo26@example.org,INV-2025-0049,331.85,2024-11-11,Non saldata,2025-01-10
beffamario@example.org,INV-2025-0050,856.52,2024-04-05,Non saldata,2024-06-04
fredo26@example.org,INV-2025-0051,1506.03,2024-04-11,Non saldata,2024-06-10
ubonino@example.net,INV-2025-0052,72.25,2024-11-02,Non saldata,2025-01-01
ubonino@example.net,INV-2025-0053,463.09,2023-06-11,Saldata,2023-08-10
iannottiuberto@example.org,INV-2025-0054,1752.04,2024-01-14,Non saldata,2024-03-14
iannottiuberto@example.org,INV-2025-0055,293.37,2024-08-15,Saldata,2024-10-14
hventuri@example.net,INV-2025-0056,1254.09,2024-12-02,Non saldata,2025-01-31
fredo26@example.org,INV-2025-0057,247.39,2023-12-28,Non saldata,2024-02-26
combonicecilia@example.org,INV-2025-0058,1197.07,2025-05-20,Saldata,2025-07-19
pnovaro@example.org,INV-2025-0059,1843.26,2023-08-14,Saldata,2023-10-13
beffamario@example.org,INV-2025-0060,1925.9,2024-05-03,Non saldata,2024-07-02
ubonino@example.net,INV-2025-0061,1064.3,2024-03-04,Saldata,2024-05-03
ubonino@example.net,INV-2025-0062,1474.3,2023-10-01,Saldata,2023-11-30
fredo26@example.org,INV-2025-0063,530.7,2024-01-21,Saldata,2024-03-21
fredo26@example.org,INV-2025-0064,1539.99,2024-10-23,Non saldata,2024-12-22
fredo26@example.org,INV-2025-0065,973.97,2023-11-17,Non saldata,2024-01-16
beffamario@example.org,INV-2025-0066,1402.4,2024-03-28,Non saldata,2024-05-27
hventuri@example.net,INV-2025-0067,1009.87,2024-02-29,Non saldata,2024-04-29
qparri@example.net,INV-2025-0068,88.14,2025-05-20,Saldata,2025-07-19
qparri@example.net,INV-2025-0069,884.36,2025-04-13,Saldata,2025-06-12
paulina16@example.org,INV-2025-0070,656.15,2023-10-21,Non saldata,2023-12-20
fredo26@example.org,INV-2025-0071,1220.72,2024-07-03,Non saldata,2024-09-01
ubonino@example.net,INV-2025-0072,1245.22,2023-07-17,Saldata,2023-09-15
pnovaro@example.org,INV-2025-0073,1630.93,2024-04-05,Saldata,2024-06-04
ubonino@example.net,INV-2025-0074,586.18,2025-05-17,Saldata,2025-07-16
combonicecilia@example.org,INV-2025-0075,452.33,2025-05-17,Non saldata,2025-07-16
combonicecilia@example.org,INV-2025-0076,409.25,2023-08-01,Non saldata,2023-09-30
iannottiuberto@example.org,INV-2025-0077,1017.29,2024-09-18,Non saldata,2024-11-17
pnovaro@example.org,INV-2025-0078,803.99,2024-08-23,Non saldata,2024-10-22
tizianopaltrinieri@example.com,INV-2025-0079,1288.2,2024-11-24,Saldata,2025-01-23
fredo26@example.org,INV-2025-0080,541.09,2024-10-26,Non saldata,2024-12-25
hventuri@example.net,INV-2025-0081,953.86,2023-07-25,Non saldata,2023-09-23
iannottiuberto@example.org,INV-2025-0082,1865.5,2024-07-03,Non saldata,2024-09-01
pnovaro@example.org,INV-2025-0083,1675.98,2023-07-18,Non saldata,2023-09-16
ubonino@example.net,INV-2025-0084,828.53,2025-05-13,Saldata,2025-07-12
iannottiuberto@example.org,INV-2025-0085,519.71,2024-02-28,Non saldata,2024-04-28
hventuri@example.net,INV-2025-0086,1710.13,2024-07-23,Non saldata,2024-09-21
iannottiuberto@example.org,INV-2025-0087,145.61,2024-10-03,Non saldata,2024-12-02
hventuri@example.net,INV-2025-0088,1605.96,2024-04-26,Saldata,2024-06-25
hventuri@example.net,INV-2025-0089,142.46,2025-02-24,Non saldata,2025-04-25
pnovaro@example.org,INV-2025-0090,1491.29,2024-11-26,Saldata,2025-01-25
combonicecilia@example.org,INV-2025-0091,1098.93,2023-12-12,Saldata,2024-02-10
pnovaro@example.org,INV-2025-0092,609.86,2024-02-22,Saldata,2024-04-22
combonicecilia@example.org,INV-2025-0093,1261.59,2024-03-21,Non saldata,2024-05-20
beffamario@example.org,INV-2025-0094,1739.14,2023-11-30,Non saldata,2024-01-29
ubonino@example.net,INV-2025-0095,1264.78,2025-02-14,Non saldata,2025-04-15
qparri@example.net,INV-2025-0096,1436.28,2024-01-09,Non saldata,2024-03-09
pnovaro@example.org,INV-2025-0097,1749.02,2023-11-05,Saldata,2024-01-04
pnovaro@example.org,INV-2025-0098,391.4,2025-02-19,Non saldata,2025-04-20
fredo26@example.org,INV-2025-0099,761.49,2024-04-05,Saldata,2024-06-04
combonicecilia@example.org,INV-2025-0100,1546.5,2023-06-17,Saldata,2023-08-16
hventuri@example.net,INV-2025-0101,770.59,2024-01-21,Non saldata,2024-03-21
beffamario@example.org,INV-2025-0102,1935.49,2025-02-20,Saldata,2025-04-21
fredo26@example.org,INV-2025-0103,307.94,2024-03-14,Non saldata,2024-05-13
beffamario@example.org,INV-2025-0104,1614.14,2023-10-11,Saldata,2023-12-10
qparri@example.net,INV-2025-0105,1903.23,2023-10-03,Saldata,2023-12-02
fredo26@example.org,INV-2025-0106,1771.8,2024-06-27,Non saldata,2024-08-26
hventuri@example.net,INV-2025-0107,1900.46,2025-05-01,Saldata,2025-06-30
ubonino@example.net,INV-2025-0108,1800.91,2024-09-17,Saldata,2024-11-16
pnovaro@example.org,INV-2025-0109,1017.05,2023-08-27,Non saldata,2023-10-26
beffamario@example.org,INV-2025-0110,1541.97,2023-09-02,Saldata,2023-11-01
fredo26@example.org,INV-2025-0111,695.71,2024-09-15,Non saldata,2024-11-14
tizianopaltrinieri@example.com,INV-2025-0112,269.29,2023-11-22,Saldata,2024-01-21
pnovaro@example.org,INV-2025-0113,806.08,2023-08-17,Saldata,2023-10-16
fredo26@example.org,INV-2025-0114,1890.8,2024-05-14,Saldata,2024-07-13
pnovaro@example.org,INV-2025-0115,1952.73,2023-11-20,Non saldata,2024-01-19
tizianopaltrinieri@example.com,INV-2025-0116,1277.29,2025-03-10,Non saldata,2025-05-09
ubonino@example.net,INV-2025-0117,1886.31,2024-05-27,Non saldata,2024-07-26
qparri@example.net,INV-2025-0118,1616.65,2023-07-24,Non saldata,2023-09-22
iannottiuberto@example.org,INV-2025-0119,1387.3,2024-05-05,Non saldata,2024-07-04
paulina16@example.org,INV-2025-0120,1973.6,2024-11-18,Saldata,2025-01-17
combonicecilia@example.org,INV-2025-0121,1944.44,2024-07-02,Saldata,2024-08-31
paulina16@example.org,INV-2025-0122,1587.25,2024-06-11,Non saldata,2024-08-10
paulina16@example.org,INV-2025-0123,995.71,2023-11-17,Saldata,2024-01-16
qparri@example.net,INV-2025-0124,318.36,2024-04-22,Non saldata,2024-06-21
iannottiuberto@example.org,INV-2025-0125,92.59,2025-03-29,Non saldata,2025-05-28
hventuri@example.net,INV-2025-0126,966.19,2024-03-26,Non saldata,2024-05-25
qparri@example.net,INV-2025-0127,404.97,2024-05-20,Non saldata,2024-07-19
beffamario@example.org,INV-2025-0128,547.29,2024-04-09,Saldata,2024-06-08
beffamario@example.org,INV-2025-0129,1053.75,2023-10-09,Non saldata,2023-12-08
combonicecilia@example.org,INV-2025-0130,1793.22,2023-09-26,Non saldata,2023-11-25
pnovaro@example.org,INV-2025-0131,1483.28,2023-10-31,Saldata,2023-12-30
hventuri@example.net,INV-2025-0132,108.85,2025-01-15,Saldata,2025-03-16
paulina16@example.org,INV-2025-0133,637.4,2024-04-18,Saldata,2024-06-17
hventuri@example.net,INV-2025-0134,587.77,2024-12-03,Non saldata,2025-02-01
fredo26@example.org,INV-2025-0135,263.92,2024-12-18,Saldata,2025-02-16
beffamario@example.org,INV-2025-0136,1388.08,2025-04-13,Non saldata,2025-06-12
iannottiuberto@example.org,INV-2025-0137,303.44,2023-12-06,Saldata,2024-02-04
hventuri@example.net,INV-2025-0138,202.87,2023-09-16,Non saldata,2023-11-15
fredo26@example.org,INV-2025-0139,326.93,2023-10-10,Non saldata,2023-12-09
tizianopaltrinieri@example.com,INV-2025-0140,1139.93,2024-09-23,Saldata,2024-11-22
qparri@example.net,INV-2025-0141,166.45,2024-04-07,Non saldata,2024-06-06
iannottiuberto@example.org,INV-2025-0142,828.25,2024-11-07,Non saldata,2025-01-06
fredo26@example.org,INV-2025-0143,628.02,2024-05-07,Saldata,2024-07-06
beffamario@example.org,INV-2025-0144,792.52,2025-01-28,Saldata,2025-03-29
ubonino@example.net,INV-2025-0145,1305.11,2023-11-07,Non saldata,2024-01-06
combonicecilia@example.org,INV-2025-0146,1300.12,2025-03-21,Non saldata,2025-05-20
combonicecilia@example.org,INV-2025-0147,1955.56,2024-09-10,Non saldata,2024-11-09
hventuri@example.net,INV-2025-0148,1160.04,2024-01-11,Saldata,2024-03-11
qparri@example.net,INV-2025-0149,1354.17,2023-08-23,Saldata,2023-10-22
beffamario@example.org,INV-2025-0150,1242.47,2025-05-02,Non saldata,2025-07-01
fredo26@example.org,INV-2025-0151,1992.02,2025-03-23,Non saldata,2025-05-22
ubonino@example.net,INV-2025-0152,1274.05,2023-09-12,Non saldata,2023-11-11
pnovaro@example.org,INV-2025-0153,1008.22,2025-03-17,Non saldata,2025-05-16
hventuri@example.net,INV-2025-0154,645.38,2023-10-18,Saldata,2023-12-17
iannottiuberto@example.org,INV-2025-0155,786.01,2023-09-26,Non saldata,2023-11-25
combonicecilia@example.org,INV-2025-0156,1806.35,2025-02-17,Non saldata,2025-04-18
hventuri@example.net,INV-2025-0157,458.38,2025-02-24,Non saldata,2025-04-25
hventuri@example.net,INV-2025-0158,1099.66,2024-06-27,Saldata,2024-08-26
iannottiuberto@example.org,INV-2025-0159,1606.8,2024-10-02,Non saldata,2024-12-01
pnovaro@example.org,INV-2025-0160,384.92,2023-09-16,Non saldata,2023-11-15
hventuri@example.net,INV-2025-0161,315.45,2025-03-18,Non saldata,2025-05-17
paulina16@example.org,INV-2025-0162,957.75,2025-04-28,Saldata,2025-06-27
iannottiuberto@example.org,INV-2025-0163,167.17,2024-07-11,Saldata,2024-09-09
beffamario@example.org,INV-2025-0164,1494.54,2023-10-05,Saldata,2023-12-04
iannottiuberto@example.org,INV-2025-0165,1350.68,2024-05-01,Saldata,2024-06-30
ubonino@example.net,INV-2025-0166,180.79,2023-08-19,Saldata,2023-10-18
combonicecilia@example.org,INV-2025-0167,155.77,2024-10-20,Saldata,2024-12-19
paulina16@example.org,INV-2025-0168,898.89,2025-01-29,Saldata,2025-03-30
paulina16@example.org,INV-2025-0169,87.28,2024-12-15,Non saldata,2025-02-13
tizianopaltrinieri@example.com,INV-2025-0170,1241.68,2023-07-06,Saldata,2023-09-04
pnovaro@example.org,INV-2025-0171,822.46,2024-04-29,Saldata,2024-06-28
paulina16@example.org,INV-2025-0172,1878.05,2023-08-20,Non saldata,2023-10-19
tizianopaltrinieri@example.com,INV-2025-0173,420.88,2024-09-23,Non saldata,2024-11-22
iannottiuberto@example.org,INV-2025-0174,1590.16,2024-08-22,Non saldata,2024-10-21
beffamario@example.org,INV-2025-0175,1419.75,2025-05-13,Non saldata,2025-07-12
hventuri@example.net,INV-2025-0176,503.98,2023-09-23,Saldata,2023-11-22
paulina16@example.org,INV-2025-0177,1942.18,2023-10-22,Saldata,2023-12-21
hventuri@example.net,INV-2025-0178,1047.11,2025-05-24,Non saldata,2025-07-23
tizianopaltrinieri@example.com,INV-2025-0179,656.59,2024-05-15,Saldata,2024-07-14
combonicecilia@example.org,INV-2025-0180,467.04,2025-03-27,Non saldata,2025-05-26
pnovaro@example.org,INV-2025-0181,814.47,2025-04-27,Non saldata,2025-06-26
fredo26@example.org,INV-2025-0182,1333.96,2024-09-29,Non saldata,2024-11-28
tizianopaltrinieri@example.com,INV-2025-0183,1595.18,2023-06-03,Non saldata,2023-08-02
combonicecilia@example.org,INV-2025-0184,1383.28,2025-05-14,Saldata,2025-07-13
combonicecilia@example.org,INV-2025-0185,526.66,2023-11-23,Non saldata,2024-01-22
beffamario@example.org,INV-2025-0186,962.95,2023-06-18,Non saldata,2023-08-17
pnovaro@example.org,INV-2025-0187,1416.16,2024-04-27,Non saldata,2024-06-26
iannottiuberto@example.org,INV-2025-0188,1290.01,2025-05-21,Non saldata,2025-07-20
pnovaro@example.org,INV-2025-0189,495.76,2025-03-05,Saldata,2025-05-04
paulina16@example.org,INV-2025-0190,1013.12,2023-12-22,Non saldata,2024-02-20
fredo26@example.org,INV-2025-0191,651.68,2023-10-13,Non saldata,2023-12-12
tizianopaltrinieri@example.com,INV-2025-0192,1151.68,2023-07-21,Non saldata,2023-09-19
beffamario@example.org,INV-2025-0193,1977.25,2024-06-29,Saldata,2024-08-28
combonicecilia@example.org,INV-2025-0194,64.98,2025-03-25,Non saldata,2025-05-24
pnovaro@example.org,INV-2025-0195,1466.22,2025-04-05,Saldata,2025-06-04
paulina16@example.org,INV-2025-0196,209.43,2024-06-14,Saldata,2024-08-13
hventuri@example.net,INV-2025-0197,175.18,2025-02-14,Non saldata,2025-04-15
ubonino@example.net,INV-2025-0198,536.89,2025-04-18,Non saldata,2025-06-17
ubonino@example.net,INV-2025-0199,195.44,2025-01-23,Non saldata,2025-03-24
qparri@example.net,INV-2025-0200,1322.29,2024-06-21,Non saldata,2024-08-20
hventuri@example.net,INV-2025-0201,127.31,2025-01-23,Non saldata,2025-03-24
paulina16@example.org,INV-2025-0202,1865.94,2023-10-15,Saldata,2023-12-14
tizianopaltrinieri@example.com,INV-2025-0203,1050.9,2025-05-22,Non saldata,2025-07-21
paulina16@example.org,INV-2025-0204,1356.4,2025-01-25,Non saldata,2025-03-26
beffamario@example.org,INV-2025-0205,1685.9,2024-11-30,Non saldata,2025-01-29
combonicecilia@example.org,INV-2025-0206,1737.9,2023-12-15,Saldata,2024-02-13
tizianopaltrinieri@example.com,INV-2025-0207,671.75,2025-01-25,Saldata,2025-03-26
ubonino@example.net,INV-2025-0208,971.15,2024-10-27,Non saldata,2024-12-26
pnovaro@example.org,INV-2025-0209,1943.05,2023-12-12,Saldata,2024-02-10
fredo26@example.org,INV-2025-0210,580.03,2023-12-27,Non saldata,2024-02-25
paulina16@example.org,INV-2025-0211,498.8,2023-07-18,Non saldata,2023-09-16
paulina16@example.org,INV-2025-0212,1534.84,2024-07-26,Saldata,2024-09-24
beffamario@example.org,INV-2025-0213,1904.19,2024-01-15,Saldata,2024-03-15
beffamario@example.org,INV-2025-0214,211.56,2024-08-01,Non saldata,2024-09-30
fredo26@example.org,INV-2025-0215,766.09,2024-07-15,Non saldata,2024-09-13
ubonino@example.net,INV-2025-0216,725.94,2024-08-15,Non saldata,2024-10-14
combonicecilia@example.org,INV-2025-0217,215.98,2023-11-14,Saldata,2024-01-13
paulina16@example.org,INV-2025-0218,1518.66,2025-01-11,Saldata,2025-03-12
combonicecilia@example.org,INV-2025-0219,357.89,2023-08-02,Saldata,2023-10-01
combonicecilia@example.org,INV-2025-0220,1709.66,2024-03-22,Non saldata,2024-05-21
pnovaro@example.org,INV-2025-0221,1188.72,2024-12-30,Non saldata,2025-02-28
pnovaro@example.org,INV-2025-0222,1303.36,2023-10-23,Non saldata,2023-12-22
qparri@example.net,INV-2025-0223,387.56,2023-11-12,Saldata,2024-01-11
tizianopaltrinieri@example.com,INV-2025-0224,96.45,2023-09-06,Saldata,2023-11-05
hventuri@example.net,INV-2025-0225,1339.41,2024-07-01,Non saldata,2024-08-30
paulina16@example.org,INV-2025-0226,646.69,2024-11-01,Non saldata,2024-12-31
beffamario@example.org,INV-2025-0227,1093.78,2024-11-13,Saldata,2025-01-12
tizianopaltrinieri@example.com,INV-2025-0228,147.83,2025-01-29,Non saldata,2025-03-30
pnovaro@example.org,INV-2025-0229,1029.01,2024-08-25,Non saldata,2024-10-24
qparri@example.net,INV-2025-0230,1263.89,2023-12-10,Saldata,2024-02-08
hventuri@example.net,INV-2025-0231,850.6,2025-02-07,Saldata,2025-04-08
paulina16@example.org,INV-2025-0232,743.19,2024-07-22,Saldata,2024-09-20
hventuri@example.net,INV-2025-0233,1576.94,2025-01-08,Non saldata,2025-03-09
combonicecilia@example.org,INV-2025-0234,1780.83,2023-11-08,Saldata,2024-01-07
pnovaro@example.org,INV-2025-0235,139.83,2023-11-06,Saldata,2024-01-05
hventuri@example.net,INV-2025-0236,872.35,2025-03-27,Saldata,2025-05-26
iannottiuberto@example.org,INV-2025-0237,1775.55,2024-10-11,Non saldata,2024-12-10
combonicecilia@example.org,INV-2025-0238,986.78,2023-10-03,Non saldata,2023-12-02
hventuri@example.net,INV-2025-0239,1759.33,2023-07-29,Saldata,2023-09-27
paulina16@example.org,INV-2025-0240,1480.26,2024-08-24,Saldata,2024-10-23
paulina16@example.org,INV-2025-0241,1177.8,2025-04-03,Non saldata,2025-06-02
combonicecilia@example.org,INV-2025-0242,1737.37,2024-09-18,Saldata,2024-11-17
combonicecilia@example.org,INV-2025-0243,451.71,2025-03-16,Non saldata,2025-05-15
beffamario@example.org,INV-2025-0244,975.39,2025-05-15,Saldata,2025-07-14
fredo26@example.org,INV-2025-0245,1022.5,2025-01-09,Saldata,2025-03-10
iannottiuberto@example.org,INV-2025-0246,1907.58,2024-10-18,Saldata,2024-12-17
paulina16@example.org,INV-2025-0247,1692.58,2024-02-06,Saldata,2024-04-06
tizianopaltrinieri@example.com,INV-2025-0248,1718.24,2024-06-08,Saldata,2024-08-07
tizianopaltrinieri@example.com,INV-2025-0249,951.56,2024-10-16,Non saldata,2024-12-15
pnovaro@example.org,INV-2025-0250,311.73,2025-05-23,Non saldata,2025-07-22
combonicecilia@example.org,INV-2025-0251,205.4,2024-05-28,Non saldata,2024-07-27
combonicecilia@example.org,INV-2025-0252,109.28,2023-11-10,Non saldata,2024-01-09
ubonino@example.net,INV-2025-0253,978.67,2024-07-02,Saldata,2024-08-31
qparri@example.net,INV-2025-0254,482.08,2025-02-20,Non saldata,2025-04-21
qparri@example.net,INV-2025-0255,174.36,2023-12-16,Non saldata,2024-02-14
tizianopaltrinieri@example.com,INV-2025-0256,526.91,2023-06-04,Saldata,2023-08-03
paulina16@example.org,INV-2025-0257,538.77,2024-10-19,Saldata,2024-12-18
pnovaro@example.org,INV-2025-0258,1778.64,2024-10-21,Saldata,2024-12-20
beffamario@example.org,INV-2025-0259,1991.6,2025-03-03,Saldata,2025-05-02
beffamario@example.org,INV-2025-0260,726.95,2024-01-27,Saldata,2024-03-27
fredo26@example.org,INV-2025-0261,482.18,2023-06-04,Non saldata,2023-08-03
fredo26@example.org,INV-2025-0262,838.43,2023-07-11,Saldata,2023-09-09
tizianopaltrinieri@example.com,INV-2025-0263,1749.94,2025-02-19,Non saldata,2025-04-20
hventuri@example.net,INV-2025-0264,302.11,2024-02-26,Saldata,2024-04-26
qparri@example.net,INV-2025-0265,1416.74,2025-01-08,Non saldata,2025-03-09
qparri@example.net,INV-2025-0266,646.87,2023-08-04,Saldata,2023-10-03
combonicecilia@example.org,INV-2025-0267,1221.41,2024-12-15,Saldata,2025-02-13
iannottiuberto@example.org,INV-2025-0268,1961.84,2023-10-08,Non saldata,2023-12-07
hventuri@example.net,INV-2025-0269,1020.9,2025-05-04,Non saldata,2025-07-03
qparri@example.net,INV-2025-0270,793.98,2024-01-19,Non saldata,2024-03-19
combonicecilia@example.org,INV-2025-0271,1837.74,2024-12-29,Saldata,2025-02-27
hventuri@example.net,INV-2025-0272,140.59,2024-04-21,Saldata,2024-06-20
paulina16@example.org,INV-2025-0273,614.72,2024-08-18,Non saldata,2024-10-17
fredo26@example.org,INV-2025-0274,655.62,2023-08-04,Non saldata,2023-10-03
paulina16@example.org,INV-2025-0275,1979.5,2024-08-23,Non saldata,2024-10-22
beffamario@example.org,INV-2025-0276,1862.48,2023-11-20,Saldata,2024-01-19
pnovaro@example.org,INV-2025-0277,1825.87,2024-09-03,Saldata,2024-11-02
fredo26@example.org,INV-2025-0278,1856.24,2025-04-17,Non saldata,2025-06-16
beffamario@example.org,INV-2025-0279,1398.14,2024-08-18,Non saldata,2024-10-17
qparri@example.net,INV-2025-0280,1882.26,2024-08-10,Non saldata,2024-10-09
fredo26@example.org,INV-2025-0281,556.57,2023-10-21,Non saldata,2023-12-20
hventuri@example.net,INV-2025-0282,1664.29,2025-05-26,Saldata,2025-07-25
tizianopaltrinieri@example.com,INV-2025-0283,1568.36,2025-02-23,Non saldata,2025-04-24
ubonino@example.net,INV-2025-0284,1236.79,2024-08-08,Saldata,2024-10-07
paulina16@example.org,INV-2025-0285,1864.96,2024-07-05,Saldata,2024-09-03
tizianopaltrinieri@example.com,INV-2025-0286,1259.79,2023-06-16,Non saldata,2023-08-15
tizianopaltrinieri@example.com,INV-2025-0287,777.03,2024-02-24,Saldata,2024-04-24
paulina16@example.org,INV-2025-0288,1195.21,2023-06-14,Non saldata,2023-08-13
ubonino@example.net,INV-2025-0289,1458.0,2025-01-17,Saldata,2025-03-18
paulina16@example.org,INV-2025-0290,697.01,2023-06-10,Saldata,2023-08-09
hventuri@example.net,INV-2025-0291,1699.62,2025-04-30,Non saldata,2025-06-29
ubonino@example.net,INV-2025-0292,497.24,2024-12-30,Non saldata,2025-02-28
qparri@example.net,INV-2025-0293,1352.94,2024-10-08,Saldata,2024-12-07
combonicecilia@example.org,INV-2025-0294,213.94,2023-12-11,Non saldata,2024-02-09
tizianopaltrinieri@example.com,INV-2025-0295,663.63,2024-12-01,Non saldata,2025-01-30
hventuri@example.net,INV-2025-0296,1034.71,2024-12-24,Non saldata,2025-02-22
beffamario@example.org,INV-2025-0297,1712.09,2024-03-29,Non saldata,2024-05-28
tizianopaltrinieri@example.com,INV-2025-0298,120.08,2023-08-14,Non saldata,2023-10-13
ubonino@example.net,INV-2025-0299,678.54,2024-06-28,Saldata,2024-08-27
combonicecilia@example.org,INV-2025-0300,1707.73,2025-02-20,Non saldata,2025-04-21
fredo26@example.org,INV-2025-0301,140.47,2023-10-06,Non saldata,2023-12-05
hventuri@example.net,INV-2025-0302,50.39,2024-09-12,Saldata,2024-11-11
paulina16@example.org,INV-2025-0303,1146.93,2024-11-08,Non saldata,2025-01-07
hventuri@example.net,INV-2025-0304,777.9,2024-09-08,Saldata,2024-11-07
pnovaro@example.org,INV-2025-0305,130.92,2025-04-08,Saldata,2025-06-07
hventuri@example.net,INV-2025-0306,974.43,2023-06-16,Saldata,2023-08-15
qparri@example.net,INV-2025-0307,1749.35,2025-05-26,Non saldata,2025-07-25
pnovaro@example.org,INV-2025-0308,1155.09,2025-04-01,Non saldata,2025-05-31
fredo26@example.org,INV-2025-0309,1911.23,2024-08-05,Non saldata,2024-10-04
combonicecilia@example.org,INV-2025-0310,1392.67,2023-11-24,Non saldata,2024-01-23
paulina16@example.org,INV-2025-0311,1018.68,2024-05-15,Saldata,2024-07-14
fredo26@example.org,INV-2025-0312,136.12,2024-08-11,Saldata,2024-10-10
pnovaro@example.org,INV-2025-0313,1486.51,2024-02-01,Non saldata,2024-04-01
tizianopaltrinieri@example.com,INV-2025-0314,696.09,2024-03-06,Non saldata,2024-05-05
hventuri@example.net,INV-2025-0315,447.94,2024-01-18,Saldata,2024-03-18
pnovaro@example.org,INV-2025-0316,821.69,2024-05-13,Non saldata,2024-07-12
iannottiuberto@example.org,INV-2025-0317,906.37,2023-06-13,Saldata,2023-08-12
paulina16@example.org,INV-2025-0318,691.68,2024-09-25,Non saldata,2024-11-24
qparri@example.net,INV-2025-0319,1061.25,2025-04-10,Non saldata,2025-06-09
beffamario@example.org,INV-2025-0320,925.9,2025-05-02,Saldata,2025-07-01
pnovaro@example.org,INV-2025-0321,1511.44,2023-11-08,Non saldata,2024-01-07
iannottiuberto@example.org,INV-2025-0322,1863.67,2025-03-16,Saldata,2025-05-15
ubonino@example.net,INV-2025-0323,689.96,2025-01-07,Saldata,2025-03-08
tizianopaltrinieri@example.com,INV-2025-0324,1100.52,2024-08-27,Saldata,2024-10-26
pnovaro@example.org,INV-2025-0325,754.48,2024-02-20,Non saldata,2024-04-20
ubonino@example.net,INV-2025-0326,685.43,2024-06-20,Saldata,2024-08-19
tizianopaltrinieri@example.com,INV-2025-0327,906.31,2024-07-30,Non saldata,2024-09-28
qparri@example.net,INV-2025-0328,961.25,2024-01-08,Non saldata,2024-03-08
fredo26@example.org,INV-2025-0329,1040.35,2023-09-08,Saldata,2023-11-07
pnovaro@example.org,INV-2025-0330,1823.25,2023-08-10,Saldata,2023-10-09
hventuri@example.net,INV-2025-0331,1594.52,2023-12-06,Saldata,2024-02-04
combonicecilia@example.org,INV-2025-0332,1423.17,2024-03-27,Non saldata,2024-05-26
tizianopaltrinieri@example.com,INV-2025-0333,635.69,2023-12-05,Saldata,2024-02-03
tizianopaltrinieri@example.com,INV-2025-0334,849.8,2025-04-28,Saldata,2025-06-27
ubonino@example.net,INV-2025-0335,1399.11,2023-06-21,Saldata,2023-08-20
paulina16@example.org,INV-2025-0336,859.95,2025-03-09,Saldata,2025-05-08
beffamario@example.org,INV-2025-0337,1581.06,2024-06-05,Non saldata,2024-08-04
ubonino@example.net,INV-2025-0338,126.47,2025-01-07,Non saldata,2025-03-08
combonicecilia@example.org,INV-2025-0339,791.65,2023-07-04,Saldata,2023-09-02
fredo26@example.org,INV-2025-0340,1310.5,2024-01-22,Non saldata,2024-03-22
qparri@example.net,INV-2025-0341,530.47,2024-03-24,Non saldata,2024-05-23
combonicecilia@example.org,INV-2025-0342,1479.91,2023-09-04,Non saldata,2023-11-03
beffamario@example.org,INV-2025-0343,996.12,2023-08-15,Non saldata,2023-10-14
combonicecilia@example.org,INV-2025-0344,223.67,2024-01-19,Non saldata,2024-03-19
tizianopaltrinieri@example.com,INV-2025-0345,1404.07,2024-01-25,Saldata,2024-03-25
beffamario@example.org,INV-2025-0346,820.56,2024-07-07,Saldata,2024-09-05
tizianopaltrinieri@example.com,INV-2025-0347,273.78,2024-08-27,Saldata,2024-10-26
tizianopaltrinieri@example.com,INV-2025-0348,1215.17,2023-12-12,Saldata,2024-02-10
tizianopaltrinieri@example.com,INV-2025-0349,420.0,2025-05-17,Non saldata,2025-07-16
beffamario@example.org,INV-2025-0350,1150.43,2025-03-03,Non saldata,2025-05-02
beffamario@example.org,INV-2025-0351,576.3,2023-11-23,Non saldata,2024-01-22
paulina16@example.org,INV-2025-0352,1586.13,2024-07-30,Non saldata,2024-09-28
hventuri@example.net,INV-2025-0353,1399.59,2023-06-15,Saldata,2023-08-14
iannottiuberto@example.org,INV-2025-0354,1237.34,2025-03-27,Non saldata,2025-05-26
ubonino@example.net,INV-2025-0355,1863.31,2024-04-09,Saldata,2024-06-08
iannottiuberto@example.org,INV-2025-0356,1652.75,2023-08-22,Non saldata,2023-10-21
hventuri@example.net,INV-2025-0357,883.81,2023-10-04,Saldata,2023-12-03
combonicecilia@example.org,INV-2025-0358,1369.95,2024-09-14,Non saldata,2024-11-13
fredo26@example.org,INV-2025-0359,1361.58,2025-04-13,Non saldata,2025-06-12
ubonino@example.net,INV-2025-0360,158.03,2023-06-18,Non saldata,2023-08-17
tizianopaltrinieri@example.com,INV-2025-0361,1861.83,2023-12-01,Saldata,2024-01-30
pnovaro@example.org,INV-2025-0362,1367.57,2024-01-14,Saldata,2024-03-14
pnovaro@example.org,INV-2025-0363,309.24,2023-11-28,Non saldata,2024-01-27
fredo26@example.org,INV-2025-0364,179.46,2024-08-16,Non saldata,2024-10-15
qparri@example.net,INV-2025-0365,1790.42,2023-06-29,Non saldata,2023-08-28
hventuri@example.net,INV-2025-0366,506.49,2024-05-04,Saldata,2024-07-03
ubonino@example.net,INV-2025-0367,657.35,2024-10-09,Saldata,2024-12-08
qparri@example.net,INV-2025-0368,316.74,2024-06-03,Non saldata,2024-08-02
combonicecilia@example.org,INV-2025-0369,682.5,2025-01-26,Non saldata,2025-03-27
pnovaro@example.org,INV-2025-0370,1825.51,2024-02-19,Non saldata,2024-04-19
fredo26@example.org,INV-2025-0371,87.4,2024-04-25,Non saldata,2024-06-24
fredo26@example.org,INV-2025-0372,235.23,2023-12-25,Saldata,2024-02-23
iannottiuberto@example.org,INV-2025-0373,1210.61,2023-10-14,Non saldata,2023-12-13
paulina16@example.org,INV-2025-0374,1575.12,2024-05-18,Non saldata,2024-07-17
hventuri@example.net,INV-2025-0375,806.65,2025-04-14,Saldata,2025-06-13
hventuri@example.net,INV-2025-0376,567.3,2024-08-24,Non saldata,2024-10-23
pnovaro@example.org,INV-2025-0377,1268.04,2023-12-22,Saldata,2024-02-20
hventuri@example.net,INV-2025-0378,1802.13,2023-12-12,Saldata,2024-02-10
hventuri@example.net,INV-2025-0379,1258.77,2023-07-28,Saldata,2023-09-26
fredo26@example.org,INV-2025-0380,630.89,2023-11-10,Saldata,2024-01-09
paulina16@example.org,INV-2025-0381,528.24,2023-09-18,Saldata,2023-11-17
iannottiuberto@example.org,INV-2025-0382,1169.35,2024-12-27,Saldata,2025-02-25
beffamario@example.org,INV-2025-0383,208.29,2024-07-01,Non saldata,2024-08-30
qparri@example.net,INV-2025-0384,833.73,2024-12-19,Saldata,2025-02-17
ubonino@example.net,INV-2025-0385,1649.36,2023-05-29,Saldata,2023-07-28
paulina16@example.org,INV-2025-0386,1041.78,2025-03-14,Non saldata,2025-05-13
beffamario@example.org,INV-2025-0387,919.29,2025-05-03,Saldata,2025-07-02
combonicecilia@example.org,INV-2025-0388,183.32,2025-04-21,Non saldata,2025-06-20
ubonino@example.net,INV-2025-0389,1285.31,2024-03-21,Saldata,2024-05-20
tizianopaltrinieri@example.com,INV-2025-0390,696.42,2025-05-28,Saldata,2025-07-27
pnovaro@example.org,INV-2025-0391,1798.44,2023-05-30,Saldata,2023-07-29
ubonino@example.net,INV-2025-0392,1277.0,2024-09-19,Non saldata,2024-11-18
iannottiuberto@example.org,INV-2025-0393,236.89,2024-04-10,Saldata,2024-06-09
qparri@example.net,INV-2025-0394,810.44,2025-02-28,Saldata,2025-04-29
hventuri@example.net,INV-2025-0395,1874.23,2024-12-23,Saldata,2025-02-21
tizianopaltrinieri@example.com,INV-2025-0396,720.36,2024-04-24,Saldata,2024-06-23
iannottiuberto@example.org,INV-2025-0397,1229.85,2024-05-21,Non saldata,2024-07-20
qparri@example.net,INV-2025-0398,275.55,2023-09-17,Saldata,2023-11-16
fredo26@example.org,INV-2025-0399,1986.39,2024-07-14,Saldata,2024-09-12
hventuri@example.net,INV-2025-0400,1493.38,2023-11-14,Non saldata,2024-01-13
iannottiuberto@example.org,INV-2025-0401,482.95,2025-01-19,Saldata,2025-03-20
iannottiuberto@example.org,INV-2025-0402,1142.55,2023-06-01,Non saldata,2023-07-31
ubonino@example.net,INV-2025-0403,497.01,2024-03-15,Non saldata,2024-05-14
combonicecilia@example.org,INV-2025-0404,1676.46,2023-09-27,Non saldata,2023-11-26
fredo26@example.org,INV-2025-0405,1023.43,2024-03-03,Saldata,2024-05-02
tizianopaltrinieri@example.com,INV-2025-0406,311.56,2025-03-06,Saldata,2025-05-05
paulina16@example.org,INV-2025-0407,1254.42,2023-09-05,Non saldata,2023-11-04
iannottiuberto@example.org,INV-2025-0408,269.26,2023-11-04,Saldata,2024-01-03
hventuri@example.net,INV-2025-0409,799.9,2024-07-16,Saldata,2024-09-14
qparri@example.net,INV-2025-0410,1580.41,2024-02-05,Saldata,2024-04-05
qparri@example.net,INV-2025-0411,1109.56,2025-02-14,Non saldata,2025-04-15
qparri@example.net,INV-2025-0412,862.55,2024-03-11,Saldata,2024-05-10
qparri@example.net,INV-2025-0413,1556.82,2024-12-13,Saldata,2025-02-11
combonicecilia@example.org,INV-2025-0414,1249.09,2024-09-02,Saldata,2024-11-01
ubonino@example.net,INV-2025-0415,1294.03,2024-07-03,Non saldata,2024-09-01
qparri@example.net,INV-2025-0416,516.63,2024-04-19,Non saldata,2024-06-18
hventuri@example.net,INV-2025-0417,1602.36,2024-11-18,Saldata,2025-01-17
combonicecilia@example.org,INV-2025-0418,507.16,2024-07-05,Non saldata,2024-09-03
qparri@example.net,INV-2025-0419,579.58,2024-05-14,Non saldata,2024-07-13
pnovaro@example.org,INV-2025-0420,1047.49,2024-09-05,Non saldata,2024-11-04
paulina16@example.org,INV-2025-0421,1591.72,2025-01-08,Saldata,2025-03-09
combonicecilia@example.org,INV-2025-0422,357.65,2024-08-12,Saldata,2024-10-11
tizianopaltrinieri@example.com,INV-2025-0423,1345.28,2023-06-28,Saldata,2023-08-27
beffamario@example.org,INV-2025-0424,577.1,2024-12-02,Saldata,2025-01-31
qparri@example.net,INV-2025-0425,586.52,2023-10-28,Non saldata,2023-12-27
hventuri@example.net,INV-2025-0426,1707.74,2024-03-27,Saldata,2024-05-26
qparri@example.net,INV-2025-0427,540.35,2024-10-16,Non saldata,2024-12-15
fredo26@example.org,INV-2025-0428,1872.52,2024-02-15,Saldata,2024-04-15
fredo26@example.org,INV-2025-0429,1645.12,2024-07-31,Saldata,2024-09-29
beffamario@example.org,INV-2025-0430,1855.3,2023-06-15,Saldata,2023-08-14
beffamario@example.org,INV-2025-0431,608.52,2023-08-09,Non saldata,2023-10-08
iannottiuberto@example.org,INV-2025-0432,1076.96,2024-02-04,Saldata,2024-04-04
fredo26@example.org,INV-2025-0433,1159.21,2025-04-09,Saldata,2025-06-08
combonicecilia@example.org,INV-2025-0434,1811.22,2025-03-05,Saldata,2025-05-04
pnovaro@example.org,INV-2025-0435,602.34,2024-04-13,Non saldata,2024-06-12
iannottiuberto@example.org,INV-2025-0436,1389.69,2023-07-29,Saldata,2023-09-27
iannottiuberto@example.org,INV-2025-0437,82.55,2024-01-28,Saldata,2024-03-28
fredo26@example.org,INV-2025-0438,1802.04,2023-11-10,Non saldata,2024-01-09
fredo26@example.org,INV-2025-0439,903.96,2024-10-22,Non saldata,2024-12-21
qparri@example.net,INV-2025-0440,1352.27,2024-05-21,Non saldata,2024-07-20
pnovaro@example.org,INV-2025-0441,1974.27,2023-12-21,Saldata,2024-02-19
combonicecilia@example.org,INV-2025-0442,1544.6,2024-04-21,Saldata,2024-06-20
tizianopaltrinieri@example.com,INV-2025-0443,145.54,2023-06-23,Non saldata,2023-08-22
ubonino@example.net,INV-2025-0444,1132.99,2024-04-06,Non saldata,2024-06-05
iannottiuberto@example.org,INV-2025-0445,1831.52,2023-09-28,Non saldata,2023-11-27
combonicecilia@example.org,INV-2025-0446,586.84,2024-12-03,Saldata,2025-02-01
ubonino@example.net,INV-2025-0447,1787.15,2024-08-03,Non saldata,2024-10-02
fredo26@example.org,INV-2025-0448,1124.91,2023-12-18,Non saldata,2024-02-16
fredo26@example.org,INV-2025-0449,1228.21,2024-06-30,Non saldata,2024-08-29
combonicecilia@example.org,INV-2025-0450,226.4,2024-10-01,Non saldata,2024-11-30
fredo26@example.org,INV-2025-0451,1265.41,2025-01-22,Non saldata,2025-03-23
qparri@example.net,INV-2025-0452,847.25,2023-07-01,Saldata,2023-08-30
iannottiuberto@example.org,INV-2025-0453,770.33,2024-02-02,Non saldata,2024-04-02
tizianopaltrinieri@example.com,INV-2025-0454,61.9,2023-12-29,Non saldata,2024-02-27
tizianopaltrinieri@example.com,INV-2025-0455,72.57,2025-05-28,Saldata,2025-07-27
pnovaro@example.org,INV-2025-0456,842.52,2024-07-15,Saldata,2024-09-13
iannottiuberto@example.org,INV-2025-0457,886.86,2024-08-08,Non saldata,2024-10-07
qparri@example.net,INV-2025-0458,275.21,2023-12-10,Non saldata,2024-02-08
beffamario@example.org,INV-2025-0459,1431.21,2024-10-18,Saldata,2024-12-17
combonicecilia@example.org,INV-2025-0460,1960.66,2024-07-30,Saldata,2024-09-28
qparri@example.net,INV-2025-0461,1556.67,2024-04-09,Non saldata,2024-06-08
hventuri@example.net,INV-2025-0462,1035.25,2024-07-14,Saldata,2024-09-12
paulina16@example.org,INV-2025-0463,1351.25,2024-07-24,Non saldata,2024-09-22
ubonino@example.net,INV-2025-0464,107.73,2024-01-04,Non saldata,2024-03-04
hventuri@example.net,INV-2025-0465,618.77,2023-09-19,Non saldata,2023-11-18
combonicecilia@example.org,INV-2025-0466,590.06,2024-05-06,Saldata,2024-07-05
beffamario@example.org,INV-2025-0467,1696.87,2024-09-26,Non saldata,2024-11-25
combonicecilia@example.org,INV-2025-0468,1166.04,2025-01-27,Non saldata,2025-03-28
beffamario@example.org,INV-2025-0469,494.94,2025-02-02,Saldata,2025-04-03
combonicecilia@example.org,INV-2025-0470,981.46,2024-11-16,Non saldata,2025-01-15
ubonino@example.net,INV-2025-0471,1520.34,2023-07-16,Saldata,2023-09-14
qparri@example.net,INV-2025-0472,725.37,2025-01-29,Saldata,2025-03-30
beffamario@example.org,INV-2025-0473,1164.84,2024-03-14,Non saldata,2024-05-13
beffamario@example.org,INV-2025-0474,410.11,2024-02-27,Non saldata,2024-04-27
paulina16@example.org,INV-2025-0475,1924.51,2025-02-24,Non saldata,2025-04-25
pnovaro@example.org,INV-2025-0476,696.0,2024-02-14,Non saldata,2024-04-14
pnovaro@example.org,INV-2025-0477,819.31,2024-10-23,Non saldata,2024-12-22
fredo26@example.org,INV-2025-0478,442.59,2024-01-16,Saldata,2024-03-16
hventuri@example.net,INV-2025-0479,1002.38,2024-01-27,Non saldata,2024-03-27
combonicecilia@example.org,INV-2025-0480,717.78,2024-03-25,Non saldata,2024-05-24
tizianopaltrinieri@example.com,INV-2025-0481,1413.25,2025-04-20,Non saldata,2025-06-19
pnovaro@example.org,INV-2025-0482,848.76,2024-04-22,Saldata,2024-06-21
iannottiuberto@example.org,INV-2025-0483,665.29,2023-11-15,Non saldata,2024-01-14
pnovaro@example.org,INV-2025-0484,255.28,2025-04-03,Saldata,2025-06-02
combonicecilia@example.org,INV-2025-0485,1173.76,2023-12-22,Non saldata,2024-02-20
qparri@example.net,INV-2025-0486,206.8,2025-01-30,Saldata,2025-03-31
beffamario@example.org,INV-2025-0487,1287.93,2024-06-07,Non saldata,2024-08-06
pnovaro@example.org,INV-2025-0488,649.0,2024-03-20,Non saldata,2024-05-19
ubonino@example.net,INV-2025-0489,226.19,2024-09-05,Saldata,2024-11-04
pnovaro@example.org,INV-2025-0490,783.45,2025-02-05,Saldata,2025-04-06
iannottiuberto@example.org,INV-2025-0491,1174.53,2025-03-08,Non saldata,2025-05-07
beffamario@example.org,INV-2025-0492,930.5,2023-11-12,Saldata,2024-01-11
fredo26@example.org,INV-2025-0493,1935.91,2025-02-23,Non saldata,2025-04-24
qparri@example.net,INV-2025-0494,552.76,2024-05-17,Saldata,2024-07-16
qparri@example.net,INV-2025-0495,461.06,2024-10-23,Non saldata,2024-12-22
beffamario@example.org,INV-2025-0496,1385.51,2024-10-27,Non saldata,2024-12-26
ubonino@example.net,INV-2025-0497,1247.05,2023-05-29,Non saldata,2023-07-28
fredo26@example.org,INV-2025-0498,748.32,2024-07-30,Saldata,2024-09-28
fredo26@example.org,INV-2025-0499,1059.05,2024-02-02,Non saldata,2024-04-02
fredo26@example.org,INV-2025-0500,1740.41,2023-10-07,Non saldata,2023-12-06
iannottiuberto@example.org,INV-2025-0501,1816.05,2024-04-27,Saldata,2024-06-26
fredo26@example.org,INV-2025-0502,783.64,2024-08-24,Saldata,2024-10-23
beffamario@example.org,INV-2025-0503,940.52,2025-03-29,Saldata,2025-05-28
beffamario@example.org,INV-2025-0504,436.4,2023-08-13,Saldata,2023-10-12
qparri@example.net,INV-2025-0505,733.83,2024-11-06,Non saldata,2025-01-05
pnovaro@example.org,INV-2025-0506,1226.68,2023-06-21,Non saldata,2023-08-20
iannottiuberto@example.org,INV-2025-0507,360.25,2025-05-24,Saldata,2025-07-23
hventuri@example.net,INV-2025-0508,823.49,2024-12-19,Non saldata,2025-02-17
beffamario@example.org,INV-2025-0509,1219.04,2024-12-26,Saldata,2025-02-24
ubonino@example.net,INV-2025-0510,171.16,2023-10-30,Saldata,2023-12-29
pnovaro@example.org,INV-2025-0511,1855.9,2024-11-07,Saldata,2025-01-06
qparri@example.net,INV-2025-0512,1250.72,2024-05-04,Saldata,2024-07-03
fredo26@example.org,INV-2025-0513,849.11,2023-11-15,Non saldata,2024-01-14
combonicecilia@example.org,INV-2025-0514,1592.11,2024-12-15,Saldata,2025-02-13
qparri@example.net,INV-2025-0515,720.3,2023-09-11,Saldata,2023-11-10
paulina16@example.org,INV-2025-0516,1985.56,2023-06-23,Saldata,2023-08-22
qparri@example.net,INV-2025-0517,1040.47,2024-02-05,Saldata,2024-04-05
fredo26@example.org,INV-2025-0518,1342.37,2024-11-02,Saldata,2025-01-01
paulina16@example.org,INV-2025-0519,1964.55,2023-12-23,Saldata,2024-02-21
combonicecilia@example.org,INV-2025-0520,414.57,2023-07-20,Non saldata,2023-09-18
hventuri@example.net,INV-2025-0521,1174.3,2024-11-22,Non saldata,2025-01-21
tizianopaltrinieri@example.com,INV-2025-0522,1986.64,2024-09-23,Non saldata,2024-11-22
tizianopaltrinieri@example.com,INV-2025-0523,1698.21,2024-03-09,Non saldata,2024-05-08
hventuri@example.net,INV-2025-0524,1438.04,2024-06-26,Saldata,2024-08-25
paulina16@example.org,INV-2025-0525,1038.97,2025-03-26,Saldata,2025-05-25
beffamario@example.org,INV-2025-0526,1856.58,2024-12-02,Saldata,2025-01-31
beffamario@example.org,INV-2025-0527,1859.43,2023-06-27,Non saldata,2023-08-26
tizianopaltrinieri@example.com,INV-2025-0528,977.29,2025-02-24,Non saldata,2025-04-25
qparri@example.net,INV-2025-0529,1243.24,2024-01-10,Saldata,2024-03-10
paulina16@example.org,INV-2025-0530,978.39,2024-02-19,Non saldata,2024-04-19
ubonino@example.net,INV-2025-0531,1341.41,2023-07-21,Non saldata,2023-09-19
paulina16@example.org,INV-2025-0532,870.67,2024-02-26,Saldata,2024-04-26
tizianopaltrinieri@example.com,INV-2025-0533,1216.96,2024-12-24,Non saldata,2025-02-22
beffamario@example.org,INV-2025-0534,1808.99,2024-01-01,Non saldata,2024-03-01
pnovaro@example.org,INV-2025-0535,1470.39,2023-07-22,Saldata,2023-09-20
combonicecilia@example.org,INV-2025-0536,632.37,2025-01-13,Saldata,2025-03-14
ubonino@example.net,INV-2025-0537,1169.7,2024-04-02,Non saldata,2024-06-01
ubonino@example.net,INV-2025-0538,360.3,2024-04-12,Saldata,2024-06-11
beffamario@example.org,INV-2025-0539,726.11,2024-06-20,Non saldata,2024-08-19
paulina16@example.org,INV-2025-0540,1042.52,2023-12-05,Saldata,2024-02-03
fredo26@example.org,INV-2025-0541,1787.42,2024-07-22,Saldata,2024-09-20
beffamario@example.org,INV-2025-0542,636.62,2023-09-17,Non saldata,2023-11-16
qparri@example.net,INV-2025-0543,312.35,2023-12-15,Saldata,2024-02-13
pnovaro@example.org,INV-2025-0544,923.7,2024-04-24,Saldata,2024-06-23
iannottiuberto@example.org,INV-2025-0545,256.08,2025-01-06,Non saldata,2025-03-07
fredo26@example.org,INV-2025-0546,1870.8,2025-04-20,Non saldata,2025-06-19
paulina16@example.org,INV-2025-0547,1261.64,2025-02-03,Saldata,2025-04-04
beffamario@example.org,INV-2025-0548,673.57,2024-04-05,Saldata,2024-06-04
ubonino@example.net,INV-2025-0549,1900.19,2024-01-31,Non saldata,2024-03-31
fredo26@example.org,INV-2025-0550,923.1,2024-11-10,Saldata,2025-01-09
tizianopaltrinieri@example.com,INV-2025-0551,817.89,2023-10-04,Non saldata,2023-12-03
iannottiuberto@example.org,INV-2025-0552,444.89,2024-04-12,Saldata,2024-06-11
fredo26@example.org,INV-2025-0553,789.34,2024-12-06,Non saldata,2025-02-04
ubonino@example.net,INV-2025-0554,286.71,2025-03-10,Saldata,2025-05-09
ubonino@example.net,INV-2025-0555,627.25,2025-04-14,Saldata,2025-06-13
iannottiuberto@example.org,INV-2025-0556,1486.48,2024-07-14,Non saldata,2024-09-12
pnovaro@example.org,INV-2025-0557,629.27,2023-11-06,Non saldata,2024-01-05
paulina16@example.org,INV-2025-0558,521.85,2025-05-16,Saldata,2025-07-15
pnovaro@example.org,INV-2025-0559,233.35,2024-02-20,Saldata,2024-04-20
ubonino@example.net,INV-2025-0560,520.21,2024-08-05,Non saldata,2024-10-04
beffamario@example.org,INV-2025-0561,301.55,2024-02-01,Saldata,2024-04-01
iannottiuberto@example.org,INV-2025-0562,1449.58,2025-05-01,Saldata,2025-06-30
qparri@example.net,INV-2025-0563,1920.91,2024-01-29,Non saldata,2024-03-29
combonicecilia@example.org,INV-2025-0564,1337.83,2024-04-01,Saldata,2024-05-31
qparri@example.net,INV-2025-0565,413.5,2024-06-23,Saldata,2024-08-22
fredo26@example.org,INV-2025-0566,1336.23,2025-03-21,Saldata,2025-05-20
beffamario@example.org,INV-2025-0567,1650.91,2025-02-08,Saldata,2025-04-09
tizianopaltrinieri@example.com,INV-2025-0568,1382.24,2023-10-08,Saldata,2023-12-07
beffamario@example.org,INV-2025-0569,303.34,2023-10-23,Saldata,2023-12-22
fredo26@example.org,INV-2025-0570,83.69,2025-04-26,Non saldata,2025-06-25
hventuri@example.net,INV-2025-0571,726.56,2023-06-06,Saldata,2023-08-05
paulina16@example.org,INV-2025-0572,1898.76,2024-08-01,Non saldata,2024-09-30
hventuri@example.net,INV-2025-0573,823.73,2025-04-21,Non saldata,2025-06-20
ubonino@example.net,INV-2025-0574,198.78,2025-05-28,Non saldata,2025-07-27
combonicecilia@example.org,INV-2025-0575,1079.61,2023-06-16,Saldata,2023-08-15
fredo26@example.org,INV-2025-0576,729.21,2023-12-04,Non saldata,2024-02-02
iannottiuberto@example.org,INV-2025-0577,268.16,2025-05-22,Saldata,2025-07-21
beffamario@example.org,INV-2025-0578,163.97,2024-03-21,Non saldata,2024-05-20
fredo26@example.org,INV-2025-0579,864.69,2025-01-05,Saldata,2025-03-06
qparri@example.net,INV-2025-0580,1713.16,2024-06-12,Non saldata,2024-08-11
iannottiuberto@example.org,INV-2025-0581,1702.35,2023-07-10,Saldata,2023-09-08
paulina16@example.org,INV-2025-0582,1914.04,2024-12-13,Non saldata,2025-02-11
paulina16@example.org,INV-2025-0583,1114.58,2024-03-31,Saldata,2024-05-30
tizianopaltrinieri@example.com,INV-2025-0584,922.12,2024-09-06,Non saldata,2024-11-05
fredo26@example.org,INV-2025-0585,939.38,2024-12-24,Saldata,2025-02-22
combonicecilia@example.org,INV-2025-0586,722.96,2024-02-16,Non saldata,2024-04-16
tizianopaltrinieri@example.com,INV-2025-0587,1854.56,2024-05-26,Saldata,2024-07-25
tizianopaltrinieri@example.com,INV-2025-0588,1240.01,2023-09-05,Non saldata,2023-11-04
fredo26@example.org,INV-2025-0589,1209.95,2024-05-22,Saldata,2024-07-21
pnovaro@example.org,INV-2025-0590,891.09,2023-07-10,Non saldata,2023-09-08
pnovaro@example.org,INV-2025-0591,1620.47,2023-07-13,Non saldata,2023-09-11
pnovaro@example.org,INV-2025-0592,1926.9,2024-01-15,Saldata,2024-03-15
qparri@example.net,INV-2025-0593,617.55,2025-03-01,Non saldata,2025-04-30
iannottiuberto@example.org,INV-2025-0594,470.37,2025-04-26,Non saldata,2025-06-25
tizianopaltrinieri@example.com,INV-2025-0595,1741.3,2024-06-04,Non saldata,2024-08-03
pnovaro@example.org,INV-2025-0596,1035.35,2025-01-19,Non saldata,2025-03-20
iannottiuberto@example.org,INV-2025-0597,1420.97,2024-05-06,Non saldata,2024-07-05
qparri@example.net,INV-2025-0598,1352.85,2024-04-28,Saldata,2024-06-27
tizianopaltrinieri@example.com,INV-2025-0599,1005.29,2024-01-01,Non saldata,2024-03-01
beffamario@example.org,INV-2025-0600,1380.53,2025-01-27,Non saldata,2025-03-28
ubonino@example.net,INV-2025-0601,1551.71,2025-01-02,Saldata,2025-03-03
combonicecilia@example.org,INV-2025-0602,1617.96,2024-02-25,Non saldata,2024-04-25
tizianopaltrinieri@example.com,INV-2025-0603,786.99,2023-12-03,Saldata,2024-02-01
beffamario@example.org,INV-2025-0604,699.19,2024-12-03,Non saldata,2025-02-01
combonicecilia@example.org,INV-2025-0605,591.75,2025-01-12,Saldata,2025-03-13
paulina16@example.org,INV-2025-0606,521.7,2025-05-07,Non saldata,2025-07-06
fredo26@example.org,INV-2025-0607,1192.65,2025-03-27,Non saldata,2025-05-26
fredo26@example.org,INV-2025-0608,1153.71,2023-10-15,Saldata,2023-12-14
fredo26@example.org,INV-2025-0609,769.68,2024-04-25,Saldata,2024-06-24
pnovaro@example.org,INV-2025-0610,421.66,2024-05-24,Saldata,2024-07-23
iannottiuberto@example.org,INV-2025-0611,1810.89,2024-09-30,Non saldata,2024-11-29
fredo26@example.org,INV-2025-0612,1382.3,2023-08-21,Saldata,2023-10-20
fredo26@example.org,INV-2025-0613,1578.35,2023-10-18,Non saldata,2023-12-17
tizianopaltrinieri@example.com,INV-2025-0614,978.15,2024-06-28,Non saldata,2024-08-27
qparri@example.net,INV-2025-0615,518.23,2023-10-28,Saldata,2023-12-27
beffamario@example.org,INV-2025-0616,1716.32,2023-08-12,Non saldata,2023-10-11
fredo26@example.org,INV-2025-0617,271.33,2023-08-23,Non saldata,2023-10-22
iannottiuberto@example.org,INV-2025-0618,77.62,2024-05-18,Non saldata,2024-07-17
tizianopaltrinieri@example.com,INV-2025-0619,1500.96,2024-08-29,Saldata,2024-10-28
beffamario@example.org,INV-2025-0620,1795.93,2025-03-09,Non saldata,2025-05-08
beffamario@example.org,INV-2025-0621,401.4,2023-08-01,Saldata,2023-09-30
hventuri@example.net,INV-2025-0622,931.82,2024-11-08,Saldata,2025-01-07
pnovaro@example.org,INV-2025-0623,469.57,2024-07-08,Non saldata,2024-09-06
ubonino@example.net,INV-2025-0624,1987.27,2023-07-03,Saldata,2023-09-01
hventuri@example.net,INV-2025-0625,1656.74,2024-06-07,Saldata,2024-08-06
fredo26@example.org,INV-2025-0626,228.46,2023-07-30,Non saldata,2023-09-28
beffamario@example.org,INV-2025-0627,1966.21,2024-07-12,Saldata,2024-09-10
ubonino@example.net,INV-2025-0628,1596.53,2024-02-06,Saldata,2024-04-06
fredo26@example.org,INV-2025-0629,1403.25,2024-07-04,Non saldata,2024-09-02
tizianopaltrinieri@example.com,INV-2025-0630,305.38,2025-02-23,Saldata,2025-04-24
combonicecilia@example.org,INV-2025-0631,902.82,2025-01-27,Saldata,2025-03-28
pnovaro@example.org,INV-2025-0632,133.15,2024-02-01,Saldata,2024-04-01
paulina16@example.org,INV-2025-0633,426.98,2023-12-25,Non saldata,2024-02-23
qparri@example.net,INV-2025-0634,1763.04,2024-01-02,Non saldata,2024-03-02
fredo26@example.org,INV-2025-0635,1129.01,2024-06-01,Saldata,2024-07-31
ubonino@example.net,INV-2025-0636,1220.98,2025-04-16,Saldata,2025-06-15
fredo26@example.org,INV-2025-0637,1473.08,2024-02-15,Non saldata,2024-04-15
pnovaro@example.org,INV-2025-0638,1032.98,2024-04-03,Saldata,2024-06-02
tizianopaltrinieri@example.com,INV-2025-0639,819.37,2024-12-20,Non saldata,2025-02-18
tizianopaltrinieri@example.com,INV-2025-0640,694.82,2024-10-02,Non saldata,2024-12-01
iannottiuberto@example.org,INV-2025-0641,1866.43,2024-02-15,Saldata,2024-04-15
hventuri@example.net,INV-2025-0642,1111.79,2024-10-08,Saldata,2024-12-07
hventuri@example.net,INV-2025-0643,1353.87,2024-09-10,Non saldata,2024-11-09
fredo26@example.org,INV-2025-0644,552.68,2024-12-28,Saldata,2025-02-26
iannottiuberto@example.org,INV-2025-0645,1412.81,2024-09-25,Non saldata,2024-11-24
combonicecilia@example.org,INV-2025-0646,265.29,2024-03-14,Saldata,2024-05-13
tizianopaltrinieri@example.com,INV-2025-0647,938.1,2024-11-14,Saldata,2025-01-13
ubonino@example.net,INV-2025-0648,1235.26,2023-05-29,Saldata,2023-07-28
hventuri@example.net,INV-2025-0649,1800.53,2025-04-07,Non saldata,2025-06-06
iannottiuberto@example.org,INV-2025-0650,485.33,2023-08-01,Saldata,2023-09-30
beffamario@example.org,INV-2025-0651,765.73,2024-03-02,Saldata,2024-05-01
hventuri@example.net,INV-2025-0652,105.08,2025-03-27,Non saldata,2025-05-26
iannottiuberto@example.org,INV-2025-0653,507.57,2025-01-07,Non saldata,2025-03-08
fredo26@example.org,INV-2025-0654,967.84,2024-06-04,Non saldata,2024-08-03
fredo26@example.org,INV-2025-0655,1217.79,2025-03-11,Non saldata,2025-05-10
fredo26@example.org,INV-2025-0656,1706.18,2025-02-27,Non saldata,2025-04-28
combonicecilia@example.org,INV-2025-0657,165.1,2025-03-19,Non saldata,2025-05-18
iannottiuberto@example.org,INV-2025-0658,111.3,2024-03-10,Non saldata,2024-05-09
beffamario@example.org,INV-2025-0659,1735.11,2024-07-31,Non saldata,2024-09-29
tizianopaltrinieri@example.com,INV-2025-0660,717.09,2024-06-01,Non saldata,2024-07-31
combonicecilia@example.org,INV-2025-0661,231.72,2025-01-08,Saldata,2025-03-09
iannottiuberto@example.org,INV-2025-0662,1351.95,2023-09-09,Saldata,2023-11-08
beffamario@example.org,INV-2025-0663,698.94,2025-03-22,Non saldata,2025-05-21
ubonino@example.net,INV-2025-0664,1999.62,2024-06-17,Saldata,2024-08-16
paulina16@example.org,INV-2025-0665,1921.32,2023-10-19,Non saldata,2023-12-18
qparri@example.net,INV-2025-0666,639.8,2024-07-26,Non saldata,2024-09-24
pnovaro@example.org,INV-2025-0667,463.54,2025-03-22,Saldata,2025-05-21
pnovaro@example.org,INV-2025-0668,331.12,2024-06-11,Non saldata,2024-08-10
beffamario@example.org,INV-2025-0669,1025.77,2025-01-27,Saldata,2025-03-28
hventuri@example.net,INV-2025-0670,983.17,2025-05-10,Saldata,2025-07-09
fredo26@example.org,INV-2025-0671,1466.36,2025-05-18,Non saldata,2025-07-17
paulina16@example.org,INV-2025-0672,976.84,2024-07-28,Saldata,2024-09-26
pnovaro@example.org,INV-2025-0673,1792.42,2025-04-10,Saldata,2025-06-09
paulina16@example.org,INV-2025-0674,732.72,2023-08-29,Non saldata,2023-10-28
fredo26@example.org,INV-2025-0675,69.62,2024-07-12,Non saldata,2024-09-10
fredo26@example.org,INV-2025-0676,232.44,2024-10-05,Non saldata,2024-12-04
hventuri@example.net,INV-2025-0677,1045.14,2025-04-02,Saldata,2025-06-01
hventuri@example.net,INV-2025-0678,195.19,2024-05-29,Saldata,2024-07-28
beffamario@example.org,INV-2025-0679,1520.87,2023-12-01,Non saldata,2024-01-30
beffamario@example.org,INV-2025-0680,390.32,2024-01-09,Non saldata,2024-03-09
tizianopaltrinieri@example.com,INV-2025-0681,940.1,2024-07-13,Saldata,2024-09-11
tizianopaltrinieri@example.com,INV-2025-0682,1626.83,2024-06-10,Non saldata,2024-08-09
paulina16@example.org,INV-2025-0683,688.62,2023-08-07,Saldata,2023-10-06
hventuri@example.net,INV-2025-0684,107.67,2025-02-11,Saldata,2025-04-12
beffamario@example.org,INV-2025-0685,56.89,2023-12-16,Saldata,2024-02-14
ubonino@example.net,INV-2025-0686,143.7,2023-12-29,Saldata,2024-02-27
pnovaro@example.org,INV-2025-0687,1090.44,2025-05-03,Saldata,2025-07-02
fredo26@example.org,INV-2025-0688,991.45,2025-05-07,Saldata,2025-07-06
paulina16@example.org,INV-2025-0689,1839.08,2024-02-20,Non saldata,2024-04-20
iannottiuberto@example.org,INV-2025-0690,1415.04,2025-04-11,Non saldata,2025-06-10
paulina16@example.org,INV-2025-0691,1760.94,2025-03-09,Non saldata,2025-05-08
combonicecilia@example.org,INV-2025-0692,717.55,2025-04-26,Non saldata,2025-06-25
fredo26@example.org,INV-2025-0693,676.72,2023-10-11,Non saldata,2023-12-10
combonicecilia@example.org,INV-2025-0694,333.99,2025-04-01,Saldata,2025-05-31
fredo26@example.org,INV-2025-0695,686.94,2024-05-20,Non saldata,2024-07-19
tizianopaltrinieri@example.com,INV-2025-0696,1196.24,2024-06-03,Saldata,2024-08-02
pnovaro@example.org,INV-2025-0697,814.87,2023-06-23,Non saldata,2023-08-22
fredo26@example.org,INV-2025-0698,570.98,2025-05-17,Saldata,2025-07-16
iannottiuberto@example.org,INV-2025-0699,890.74,2025-01-31,Non saldata,2025-04-01
beffamario@example.org,INV-2025-0700,1673.4,2024-06-23,Saldata,2024-08-22
pnovaro@example.org,INV-2025-0701,1668.11,2025-05-05,Non saldata,2025-07-04
qparri@example.net,INV-2025-0702,1058.07,2023-12-26,Saldata,2024-02-24
beffamario@example.org,INV-2025-0703,1821.26,2024-01-04,Non saldata,2024-03-04
combonicecilia@example.org,INV-2025-0704,665.88,2023-09-20,Non saldata,2023-11-19
ubonino@example.net,INV-2025-0705,209.34,2025-02-01,Saldata,2025-04-02
combonicecilia@example.org,INV-2025-0706,1959.88,2024-12-28,Saldata,2025-02-26
qparri@example.net,INV-2025-0707,1027.33,2024-09-09,Non saldata,2024-11-08
qparri@example.net,INV-2025-0708,1313.96,2024-10-13,Saldata,2024-12-12
iannottiuberto@example.org,INV-2025-0709,161.97,2024-05-15,Saldata,2024-07-14
tizianopaltrinieri@example.com,INV-2025-0710,1545.62,2023-11-22,Non saldata,2024-01-21
fredo26@example.org,INV-2025-0711,381.7,2023-09-29,Non saldata,2023-11-28
hventuri@example.net,INV-2025-0712,1991.15,2025-02-28,Saldata,2025-04-29
paulina16@example.org,INV-2025-0713,116.06,2025-04-01,Non saldata,2025-05-31
qparri@example.net,INV-2025-0714,1329.4,2024-10-30,Saldata,2024-12-29
fredo26@example.org,INV-2025-0715,720.42,2023-08-08,Saldata,2023-10-07
tizianopaltrinieri@example.com,INV-2025-0716,200.35,2023-06-05,Non saldata,2023-08-04
pnovaro@example.org,INV-2025-0717,1010.06,2023-11-12,Saldata,2024-01-11
combonicecilia@example.org,INV-2025-0718,371.52,2024-03-09,Non saldata,2024-05-08
combonicecilia@example.org,INV-2025-0719,996.42,2024-01-07,Non saldata,2024-03-07
pnovaro@example.org,INV-2025-0720,71.65,2023-10-16,Non saldata,2023-12-15
hventuri@example.net,INV-2025-0721,975.27,2025-01-31,Non saldata,2025-04-01
qparri@example.net,INV-2025-0722,413.86,2024-09-12,Non saldata,2024-11-11
ubonino@example.net,INV-2025-0723,1418.62,2023-08-01,Saldata,2023-09-30
iannottiuberto@example.org,INV-2025-0724,223.38,2024-05-06,Non saldata,2024-07-05
paulina16@example.org,INV-2025-0725,1580.56,2024-03-08,Saldata,2024-05-07
beffamario@example.org,INV-2025-0726,395.71,2024-11-02,Non saldata,2025-01-01
fredo26@example.org,INV-2025-0727,1176.08,2023-12-20,Non saldata,2024-02-18
qparri@example.net,INV-2025-0728,1420.46,2024-08-07,Saldata,2024-10-06
tizianopaltrinieri@example.com,INV-2025-0729,1229.37,2024-07-27,Non saldata,2024-09-25
hventuri@example.net,INV-2025-0730,378.04,2025-01-07,Saldata,2025-03-08
tizianopaltrinieri@example.com,INV-2025-0731,349.04,2023-09-17,Non saldata,2023-11-16
hventuri@example.net,INV-2025-0732,1386.16,2023-08-08,Saldata,2023-10-07
ubonino@example.net,INV-2025-0733,623.96,2024-09-26,Non saldata,2024-11-25
beffamario@example.org,INV-2025-0734,1504.89,2023-07-24,Non saldata,2023-09-22
ubonino@example.net,INV-2025-0735,1669.87,2023-10-22,Saldata,2023-12-21
iannottiuberto@example.org,INV-2025-0736,220.29,2023-11-30,Non saldata,2024-01-29
ubonino@example.net,INV-2025-0737,144.02,2023-07-09,Non saldata,2023-09-07
qparri@example.net,INV-2025-0738,1464.58,2025-03-25,Non saldata,2025-05-24
ubonino@example.net,INV-2025-0739,585.3,2024-07-13,Non saldata,2024-09-11
tizianopaltrinieri@example.com,INV-2025-0740,1769.57,2024-07-20,Saldata,2024-09-18
hventuri@example.net,INV-2025-0741,150.9,2024-02-27,Saldata,2024-04-27
fredo26@example.org,INV-2025-0742,1692.26,2023-10-16,Saldata,2023-12-15
paulina16@example.org,INV-2025-0743,1894.6,2023-11-23,Non saldata,2024-01-22
beffamario@example.org,INV-2025-0744,960.75,2023-10-20,Non saldata,2023-12-19
pnovaro@example.org,INV-2025-0745,1097.8,2024-11-12,Non saldata,2025-01-11
pnovaro@example.org,INV-2025-0746,1954.17,2024-04-07,Saldata,2024-06-06
pnovaro@example.org,INV-2025-0747,1525.42,2024-01-27,Non saldata,2024-03-27
iannottiuberto@example.org,INV-2025-0748,1953.85,2024-05-06,Saldata,2024-07-05
tizianopaltrinieri@example.com,INV-2025-0749,863.19,2023-06-13,Non saldata,2023-08-12
beffamario@example.org,INV-2025-0750,1317.62,2023-12-13,Saldata,2024-02-11
qparri@example.net,INV-2025-0751,598.19,2025-01-25,Non saldata,2025-03-26
qparri@example.net,INV-2025-0752,737.38,2023-10-27,Non saldata,2023-12-26
qparri@example.net,INV-2025-0753,1794.76,2024-05-31,Saldata,2024-07-30
tizianopaltrinieri@example.com,INV-2025-0754,1607.28,2023-09-07,Non saldata,2023-11-06
combonicecilia@example.org,INV-2025-0755,98.25,2023-07-17,Non saldata,2023-09-15
qparri@example.net,INV-2025-0756,1221.85,2023-06-17,Saldata,2023-08-16
ubonino@example.net,INV-2025-0757,119.23,2023-07-07,Saldata,2023-09-05
fredo26@example.org,INV-2025-0758,414.2,2024-10-06,Non saldata,2024-12-05
beffamario@example.org,INV-2025-0759,1553.65,2024-01-08,Saldata,2024-03-08
paulina16@example.org,INV-2025-0760,82.43,2024-04-08,Non saldata,2024-06-07
paulina16@example.org,INV-2025-0761,266.34,2024-02-05,Saldata,2024-04-05
tizianopaltrinieri@example.com,INV-2025-0762,356.41,2024-12-09,Saldata,2025-02-07
pnovaro@example.org,INV-2025-0763,181.96,2025-05-20,Non saldata,2025-07-19
iannottiuberto@example.org,INV-2025-0764,492.19,2025-05-08,Saldata,2025-07-07
beffamario@example.org,INV-2025-0765,287.53,2025-02-22,Non saldata,2025-04-23
beffamario@example.org,INV-2025-0766,463.7,2023-12-01,Saldata,2024-01-30
combonicecilia@example.org,INV-2025-0767,585.12,2024-05-25,Non saldata,2024-07-24
beffamario@example.org,INV-2025-0768,531.11,2023-08-05,Non saldata,2023-10-04
iannottiuberto@example.org,INV-2025-0769,706.52,2025-05-20,Non saldata,2025-07-19
fredo26@example.org,INV-2025-0770,836.89,2024-01-18,Saldata,2024-03-18
iannottiuberto@example.org,INV-2025-0771,303.79,2023-12-31,Saldata,2024-02-29
pnovaro@example.org,INV-2025-0772,1152.84,2025-05-07,Non saldata,2025-07-06
paulina16@example.org,INV-2025-0773,1107.8,2024-10-06,Saldata,2024-12-05
paulina16@example.org,INV-2025-0774,1275.67,2024-09-16,Non saldata,2024-11-15
paulina16@example.org,INV-2025-0775,84.13,2025-03-29,Saldata,2025-05-28
fredo26@example.org,INV-2025-0776,1632.46,2025-03-06,Saldata,2025-05-05
combonicecilia@example.org,INV-2025-0777,676.49,2024-07-16,Saldata,2024-09-14
paulina16@example.org,INV-2025-0778,1155.17,2024-05-27,Non saldata,2024-07-26
iannottiuberto@example.org,INV-2025-0779,535.41,2024-07-03,Saldata,2024-09-01
tizianopaltrinieri@example.com,INV-2025-0780,62.94,2023-09-12,Non saldata,2023-11-11
hventuri@example.net,INV-2025-0781,809.04,2025-01-27,Non saldata,2025-03-28
paulina16@example.org,INV-2025-0782,823.18,2024-07-28,Non saldata,2024-09-26
pnovaro@example.org,INV-2025-0783,750.71,2024-05-07,Saldata,2024-07-06
ubonino@example.net,INV-2025-0784,1064.08,2025-02-24,Non saldata,2025-04-25
pnovaro@example.org,INV-2025-0785,1914.5,2024-12-21,Saldata,2025-02-19
iannottiuberto@example.org,INV-2025-0786,636.83,2024-09-24,Saldata,2024-11-23
combonicecilia@example.org,INV-2025-0787,1125.85,2024-04-26,Non saldata,2024-06-25
ubonino@example.net,INV-2025-0788,686.17,2025-05-04,Non saldata,2025-07-03
combonicecilia@example.org,INV-2025-0789,569.32,2024-04-28,Saldata,2024-06-27
ubonino@example.net,INV-2025-0790,888.65,2024-06-22,Saldata,2024-08-21
paulina16@example.org,INV-2025-0791,929.35,2024-03-11,Non saldata,2024-05-10
pnovaro@example.org,INV-2025-0792,1045.34,2024-08-02,Non saldata,2024-10-01
paulina16@example.org,INV-2025-0793,354.31,2024-11-27,Non saldata,2025-01-26
beffamario@example.org,INV-2025-0794,834.03,2024-07-25,Non saldata,2024-09-23
hventuri@example.net,INV-2025-0795,261.37,2025-03-28,Non saldata,2025-05-27
beffamario@example.org,INV-2025-0796,654.51,2024-01-22,Non saldata,2024-03-22
paulina16@example.org,INV-2025-0797,628.73,2024-01-14,Saldata,2024-03-14
paulina16@example.org,INV-2025-0798,1705.04,2024-04-22,Saldata,2024-06-21
ubonino@example.net,INV-2025-0799,110.09,2024-04-17,Non saldata,2024-06-16
beffamario@example.org,INV-2025-0800,307.16,2024-03-08,Saldata,2024-05-07
fredo26@example.org,INV-2025-0801,103.89,2025-03-17,Saldata,2025-05-16
iannottiuberto@example.org,INV-2025-0802,1865.16,2024-07-25,Saldata,2024-09-23
fredo26@example.org,INV-2025-0803,1663.05,2024-02-04,Saldata,2024-04-04
tizianopaltrinieri@example.com,INV-2025-0804,1577.95,2025-03-07,Saldata,2025-05-06
qparri@example.net,INV-2025-0805,1988.01,2023-06-15,Saldata,2023-08-14
ubonino@example.net,INV-2025-0806,1388.73,2023-07-02,Non saldata,2023-08-31
beffamario@example.org,INV-2025-0807,1842.37,2024-11-08,Non saldata,2025-01-07
ubonino@example.net,INV-2025-0808,1707.76,2024-08-11,Non saldata,2024-10-10
pnovaro@example.org,INV-2025-0809,543.3,2024-03-30,Non saldata,2024-05-29
fredo26@example.org,INV-2025-0810,1208.08,2023-06-09,Non saldata,2023-08-08
fredo26@example.org,INV-2025-0811,1017.6,2023-06-12,Non saldata,2023-08-11
pnovaro@example.org,INV-2025-0812,1105.52,2024-06-18,Non saldata,2024-08-17
beffamario@example.org,INV-2025-0813,1588.98,2024-08-19,Saldata,2024-10-18
qparri@example.net,INV-2025-0814,1869.55,2024-02-16,Saldata,2024-04-16
qparri@example.net,INV-2025-0815,1026.54,2024-05-01,Saldata,2024-06-30
fredo26@example.org,INV-2025-0816,1935.13,2025-04-20,Non saldata,2025-06-19
iannottiuberto@example.org,INV-2025-0817,987.01,2023-12-03,Saldata,2024-02-01
qparri@example.net,INV-2025-0818,1529.75,2024-01-21,Non saldata,2024-03-21
fredo26@example.org,INV-2025-0819,466.08,2024-10-16,Non saldata,2024-12-15
combonicecilia@example.org,INV-2025-0820,1697.96,2024-03-30,Saldata,2024-05-29
qparri@example.net,INV-2025-0821,905.57,2023-09-18,Non saldata,2023-11-17
tizianopaltrinieri@example.com,INV-2025-0822,242.27,2024-11-02,Non saldata,2025-01-01
beffamario@example.org,INV-2025-0823,1019.42,2024-07-11,Non saldata,2024-09-09
qparri@example.net,INV-2025-0824,1934.18,2025-05-02,Saldata,2025-07-01
iannottiuberto@example.org,INV-2025-0825,959.66,2024-11-21,Saldata,2025-01-20
ubonino@example.net,INV-2025-0826,1274.8,2024-08-16,Non saldata,2024-10-15
qparri@example.net,INV-2025-0827,1392.5,2024-06-21,Non saldata,2024-08-20
qparri@example.net,INV-2025-0828,788.6,2024-04-13,Non saldata,2024-06-12
hventuri@example.net,INV-2025-0829,325.75,2024-04-14,Saldata,2024-06-13
iannottiuberto@example.org,INV-2025-0830,720.46,2024-11-01,Saldata,2024-12-31
paulina16@example.org,INV-2025-0831,1328.19,2024-10-03,Non saldata,2024-12-02
beffamario@example.org,INV-2025-0832,1207.93,2024-01-26,Saldata,2024-03-26
tizianopaltrinieri@example.com,INV-2025-0833,922.07,2023-11-09,Saldata,2024-01-08
beffamario@example.org,INV-2025-0834,1945.87,2024-06-04,Non saldata,2024-08-03
ubonino@example.net,INV-2025-0835,159.07,2023-07-06,Non saldata,2023-09-04
ubonino@example.net,INV-2025-0836,202.84,2024-04-28,Non saldata,2024-06-27
tizianopaltrinieri@example.com,INV-2025-0837,1503.17,2024-04-09,Saldata,2024-06-08
combonicecilia@example.org,INV-2025-0838,91.66,2024-12-09,Non saldata,2025-02-07
combonicecilia@example.org,INV-2025-0839,1091.98,2023-10-03,Non saldata,2023-12-02
beffamario@example.org,INV-2025-0840,752.3,2024-10-05,Non saldata,2024-12-04
pnovaro@example.org,INV-2025-0841,1565.28,2024-01-19,Saldata,2024-03-19
qparri@example.net,INV-2025-0842,1802.62,2025-04-28,Saldata,2025-06-27
beffamario@example.org,INV-2025-0843,1561.72,2024-07-23,Saldata,2024-09-21
ubonino@example.net,INV-2025-0844,312.0,2023-09-26,Saldata,2023-11-25
qparri@example.net,INV-2025-0845,1472.35,2023-12-11,Non saldata,2024-02-09
pnovaro@example.org,INV-2025-0846,675.18,2024-03-13,Non saldata,2024-05-12
fredo26@example.org,INV-2025-0847,379.88,2025-05-19,Saldata,2025-07-18
qparri@example.net,INV-2025-0848,276.09,2024-08-19,Saldata,2024-10-18
combonicecilia@example.org,INV-2025-0849,1368.58,2025-03-06,Non saldata,2025-05-05
qparri@example.net,INV-2025-0850,1197.63,2024-03-04,Saldata,2024-05-03
ubonino@example.net,INV-2025-0851,1377.39,2025-02-17,Non saldata,2025-04-18
combonicecilia@example.org,INV-2025-0852,1384.78,2024-11-20,Non saldata,2025-01-19
qparri@example.net,INV-2025-0853,524.94,2024-03-23,Non saldata,2024-05-22
hventuri@example.net,INV-2025-0854,1894.12,2023-10-14,Saldata,2023-12-13
iannottiuberto@example.org,INV-2025-0855,1068.61,2023-10-25,Saldata,2023-12-24
qparri@example.net,INV-2025-0856,1923.97,2025-03-04,Non saldata,2025-05-03
fredo26@example.org,INV-2025-0857,1355.59,2024-07-14,Non saldata,2024-09-12
hventuri@example.net,INV-2025-0858,296.62,2024-07-23,Saldata,2024-09-21
iannottiuberto@example.org,INV-2025-0859,1418.57,2023-09-16,Non saldata,2023-11-15
qparri@example.net,INV-2025-0860,242.1,2024-07-25,Non saldata,2024-09-23
combonicecilia@example.org,INV-2025-0861,1246.7,2023-10-24,Saldata,2023-12-23
paulina16@example.org,INV-2025-0862,638.81,2024-12-07,Saldata,2025-02-05
iannottiuberto@example.org,INV-2025-0863,719.8,2024-11-06,Saldata,2025-01-05
iannottiuberto@example.org,INV-2025-0864,1589.5,2025-01-31,Non saldata,2025-04-01
fredo26@example.org,INV-2025-0865,797.2,2023-07-06,Saldata,2023-09-04
tizianopaltrinieri@example.com,INV-2025-0866,1916.46,2024-12-21,Non saldata,2025-02-19
paulina16@example.org,INV-2025-0867,149.31,2025-02-20,Non saldata,2025-04-21
fredo26@example.org,INV-2025-0868,1879.75,2025-02-20,Non saldata,2025-04-21
fredo26@example.org,INV-2025-0869,1066.21,2024-11-18,Saldata,2025-01-17
iannottiuberto@example.org,INV-2025-0870,387.35,2024-05-11,Non saldata,2024-07-10
hventuri@example.net,INV-2025-0871,109.39,2023-09-02,Saldata,2023-11-01
tizianopaltrinieri@example.com,INV-2025-0872,256.1,2024-02-08,Saldata,2024-04-08
beffamario@example.org,INV-2025-0873,971.61,2025-05-14,Non saldata,2025-07-13
hventuri@example.net,INV-2025-0874,51.18,2024-08-02,Non saldata,2024-10-01
fredo26@example.org,INV-2025-0875,74.31,2023-11-13,Saldata,2024-01-12
beffamario@example.org,INV-2025-0876,1748.5,2024-02-03,Non saldata,2024-04-03
pnovaro@example.org,INV-2025-0877,312.73,2024-09-14,Non saldata,2024-11-13
hventuri@example.net,INV-2025-0878,1272.53,2024-05-07,Non saldata,2024-07-06
qparri@example.net,INV-2025-0879,1402.43,2023-11-08,Non saldata,2024-01-07
combonicecilia@example.org,INV-2025-0880,1434.75,2023-11-06,Saldata,2024-01-05
qparri@example.net,INV-2025-0881,1647.14,2024-10-19,Saldata,2024-12-18
qparri@example.net,INV-2025-0882,1191.51,2024-09-30,Saldata,2024-11-29
fredo26@example.org,INV-2025-0883,177.6,2024-01-02,Non saldata,2024-03-02
beffamario@example.org,INV-2025-0884,522.15,2024-09-19,Saldata,2024-11-18
fredo26@example.org,INV-2025-0885,1288.76,2024-01-07,Non saldata,2024-03-07
pnovaro@example.org,INV-2025-0886,1800.94,2024-05-29,Non saldata,2024-07-28
iannottiuberto@example.org,INV-2025-0887,1329.43,2023-11-09,Saldata,2024-01-08
paulina16@example.org,INV-2025-0888,1883.54,2025-02-19,Saldata,2025-04-20
iannottiuberto@example.org,INV-2025-0889,1207.57,2023-06-27,Non saldata,2023-08-26
tizianopaltrinieri@example.com,INV-2025-0890,1373.66,2023-12-21,Saldata,2024-02-19
beffamario@example.org,INV-2025-0891,308.29,2023-12-24,Non saldata,2024-02-22
hventuri@example.net,INV-2025-0892,302.68,2024-10-08,Saldata,2024-12-07
tizianopaltrinieri@example.com,INV-2025-0893,1422.63,2024-11-27,Saldata,2025-01-26
qparri@example.net,INV-2025-0894,1174.39,2024-03-05,Saldata,2024-05-04
iannottiuberto@example.org,INV-2025-0895,236.12,2023-12-25,Non saldata,2024-02-23
iannottiuberto@example.org,INV-2025-0896,226.23,2024-03-27,Saldata,2024-05-26
fredo26@example.org,INV-2025-0897,607.57,2025-01-17,Non saldata,2025-03-18
fredo26@example.org,INV-2025-0898,1413.64,2023-11-28,Non saldata,2024-01-27
beffamario@example.org,INV-2025-0899,876.87,2024-10-19,Non saldata,2024-12-18
paulina16@example.org,INV-2025-0900,1098.56,2023-11-27,Saldata,2024-01-26
tizianopaltrinieri@example.com,INV-2025-0901,1021.74,2023-07-18,Non saldata,2023-09-16
beffamario@example.org,INV-2025-0902,234.13,2023-07-06,Saldata,2023-09-04
pnovaro@example.org,INV-2025-0903,1460.86,2024-09-08,Non saldata,2024-11-07
iannottiuberto@example.org,INV-2025-0904,774.73,2025-02-28,Non saldata,2025-04-29
combonicecilia@example.org,INV-2025-0905,1604.16,2024-11-28,Non saldata,2025-01-27
tizianopaltrinieri@example.com,INV-2025-0906,151.04,2024-06-23,Non saldata,2024-08-22
hventuri@example.net,INV-2025-0907,556.14,2023-07-06,Non saldata,2023-09-04
paulina16@example.org,INV-2025-0908,742.77,2025-03-07,Non saldata,2025-05-06
paulina16@example.org,INV-2025-0909,1926.14,2023-11-05,Saldata,2024-01-04
fredo26@example.org,INV-2025-0910,972.63,2024-03-26,Saldata,2024-05-25
qparri@example.net,INV-2025-0911,1179.15,2023-08-17,Non saldata,2023-10-16
paulina16@example.org,INV-2025-0912,417.37,2024-06-12,Saldata,2024-08-11
ubonino@example.net,INV-2025-0913,1617.65,2025-05-22,Saldata,2025-07-21
qparri@example.net,INV-2025-0914,464.78,2023-08-23,Non saldata,2023-10-22
tizianopaltrinieri@example.com,INV-2025-0915,401.95,2023-06-10,Non saldata,2023-08-09
qparri@example.net,INV-2025-0916,1046.25,2025-05-27,Non saldata,2025-07-26
tizianopaltrinieri@example.com,INV-2025-0917,1052.96,2024-05-20,Saldata,2024-07-19
pnovaro@example.org,INV-2025-0918,270.24,2024-11-28,Non saldata,2025-01-27
hventuri@example.net,INV-2025-0919,64.06,2024-07-25,Non saldata,2024-09-23
iannottiuberto@example.org,INV-2025-0920,1115.15,2024-01-30,Saldata,2024-03-30
combonicecilia@example.org,INV-2025-0921,332.91,2024-07-08,Saldata,2024-09-06
pnovaro@example.org,INV-2025-0922,57.76,2024-02-12,Saldata,2024-04-12
hventuri@example.net,INV-2025-0923,74.87,2025-05-10,Non saldata,2025-07-09
combonicecilia@example.org,INV-2025-0924,851.61,2023-10-13,Saldata,2023-12-12
beffamario@example.org,INV-2025-0925,758.71,2025-05-25,Saldata,2025-07-24
iannottiuberto@example.org,INV-2025-0926,1135.55,2024-07-31,Non saldata,2024-09-29
hventuri@example.net,INV-2025-0927,209.21,2024-07-16,Saldata,2024-09-14
paulina16@example.org,INV-2025-0928,1872.18,2023-08-27,Non saldata,2023-10-26
qparri@example.net,INV-2025-0929,1286.34,2025-05-08,Saldata,2025-07-07
tizianopaltrinieri@example.com,INV-2025-0930,1545.18,2024-05-29,Non saldata,2024-07-28
ubonino@example.net,INV-2025-0931,168.15,2024-07-20,Saldata,2024-09-18
ubonino@example.net,INV-2025-0932,1168.09,2024-02-17,Saldata,2024-04-17
hventuri@example.net,INV-2025-0933,1769.01,2025-01-09,Non saldata,2025-03-10
paulina16@example.org,INV-2025-0934,1383.65,2023-06-19,Saldata,2023-08-18
pnovaro@example.org,INV-2025-0935,1231.79,2025-05-05,Non saldata,2025-07-04
iannottiuberto@example.org,INV-2025-0936,64.0,2023-07-09,Non saldata,2023-09-07
combonicecilia@example.org,INV-2025-0937,210.88,2024-06-06,Non saldata,2024-08-05
tizianopaltrinieri@example.com,INV-2025-0938,1261.49,2024-02-24,Non saldata,2024-04-24
tizianopaltrinieri@example.com,INV-2025-0939,73.08,2025-04-28,Saldata,2025-06-27
tizianopaltrinieri@example.com,INV-2025-0940,182.28,2024-10-15,Saldata,2024-12-14
tizianopaltrinieri@example.com,INV-2025-0941,286.06,2023-10-24,Non saldata,2023-12-23
hventuri@example.net,INV-2025-0942,486.4,2023-11-29,Saldata,2024-01-28
pnovaro@example.org,INV-2025-0943,1754.8,2024-09-20,Saldata,2024-11-19
paulina16@example.org,INV-2025-0944,524.13,2024-08-31,Non saldata,2024-10-30
paulina16@example.org,INV-2025-0945,1933.54,2023-06-16,Saldata,2023-08-15
fredo26@example.org,INV-2025-0946,1487.23,2024-05-25,Non saldata,2024-07-24
tizianopaltrinieri@example.com,INV-2025-0947,423.68,2024-09-27,Non saldata,2024-11-26
qparri@example.net,INV-2025-0948,1979.29,2024-09-21,Non saldata,2024-11-20
ubonino@example.net,INV-2025-0949,293.12,2025-01-20,Saldata,2025-03-21
iannottiuberto@example.org,INV-2025-0950,558.31,2024-11-17,Non saldata,2025-01-16
qparri@example.net,INV-2025-0951,1143.78,2023-08-19,Non saldata,2023-10-18
qparri@example.net,INV-2025-0952,560.59,2024-02-08,Non saldata,2024-04-08
combonicecilia@example.org,INV-2025-0953,1211.48,2023-06-10,Saldata,2023-08-09
paulina16@example.org,INV-2025-0954,663.74,2023-09-08,Non saldata,2023-11-07
combonicecilia@example.org,INV-2025-0955,1285.66,2024-09-22,Saldata,2024-11-21
tizianopaltrinieri@example.com,INV-2025-0956,991.7,2024-04-22,Saldata,2024-06-21
beffamario@example.org,INV-2025-0957,1028.77,2024-01-01,Saldata,2024-03-01
fredo26@example.org,INV-2025-0958,220.88,2025-04-11,Saldata,2025-06-10
qparri@example.net,INV-2025-0959,256.63,2025-01-19,Saldata,2025-03-20
paulina16@example.org,INV-2025-0960,616.58,2025-04-21,Saldata,2025-06-20
hventuri@example.net,INV-2025-0961,101.28,2023-07-08,Non saldata,2023-09-06
qparri@example.net,INV-2025-0962,177.54,2024-08-27,Saldata,2024-10-26
hventuri@example.net,INV-2025-0963,1467.8,2024-10-20,Non saldata,2024-12-19
iannottiuberto@example.org,INV-2025-0964,1892.03,2024-06-03,Non saldata,2024-08-02
hventuri@example.net,INV-2025-0965,1642.03,2025-04-19,Non saldata,2025-06-18
tizianopaltrinieri@example.com,INV-2025-0966,1852.98,2024-05-18,Saldata,2024-07-17
hventuri@example.net,INV-2025-0967,519.68,2024-10-24,Non saldata,2024-12-23
ubonino@example.net,INV-2025-0968,697.94,2024-04-03,Non saldata,2024-06-02
beffamario@example.org,INV-2025-0969,295.43,2024-07-14,Non saldata,2024-09-12
iannottiuberto@example.org,INV-2025-0970,1097.95,2024-10-09,Saldata,2024-12-08
hventuri@example.net,INV-2025-0971,1416.65,2023-10-01,Saldata,2023-11-30
tizianopaltrinieri@example.com,INV-2025-0972,1945.97,2024-12-01,Saldata,2025-01-30
ubonino@example.net,INV-2025-0973,860.33,2025-02-12,Saldata,2025-04-13
qparri@example.net,INV-2025-0974,1652.74,2025-03-09,Saldata,2025-05-08
pnovaro@example.org,INV-2025-0975,1555.67,2023-06-30,Saldata,2023-08-29
beffamario@example.org,INV-2025-0976,486.84,2024-11-22,Saldata,2025-01-21
combonicecilia@example.org,INV-2025-0977,92.36,2024-04-06,Saldata,2024-06-05
paulina16@example.org,INV-2025-0978,796.1,2024-05-11,Saldata,2024-07-10
qparri@example.net,INV-2025-0979,1112.46,2024-11-27,Non saldata,2025-01-26
qparri@example.net,INV-2025-0980,1532.7,2024-11-14,Non saldata,2025-01-13
qparri@example.net,INV-2025-0981,170.37,2024-06-29,Saldata,2024-08-28
pnovaro@example.org,INV-2025-0982,1932.98,2025-04-02,Non saldata,2025-06-01
hventuri@example.net,INV-2025-0983,790.3,2024-11-24,Non saldata,2025-01-23
fredo26@example.org,INV-2025-0984,1088.42,2023-06-01,Saldata,2023-07-31
fredo26@example.org,INV-2025-0985,1428.06,2024-09-10,Saldata,2024-11-09
ubonino@example.net,INV-2025-0986,1259.97,2025-05-23,Saldata,2025-07-22
pnovaro@example.org,INV-2025-0987,1613.84,2023-12-20,Non saldata,2024-02-18
iannottiuberto@example.org,INV-2025-0988,204.29,2025-04-25,Non saldata,2025-06-24
paulina16@example.org,INV-2025-0989,563.07,2025-04-15,Saldata,2025-06-14
ubonino@example.net,INV-2025-0990,1637.09,2024-02-17,Saldata,2024-04-17
combonicecilia@example.org,INV-2025-0991,1557.63,2025-03-09,Saldata,2025-05-08
beffamario@example.org,INV-2025-0992,1919.78,2024-10-03,Non saldata,2024-12-02
tizianopaltrinieri@example.com,INV-2025-0993,1747.16,2025-04-10,Non saldata,2025-06-09
ubonino@example.net,INV-2025-0994,323.01,2024-07-26,Saldata,2024-09-24
paulina16@example.org,INV-2025-0995,1950.06,2023-12-26,Non saldata,2024-02-24
pnovaro@example.org,INV-2025-0996,1834.65,2024-01-27,Non saldata,2024-03-27
qparri@example.net,INV-2025-0997,724.44,2024-05-21,Non saldata,2024-07-20
hventuri@example.net,INV-2025-0998,1347.53,2024-01-31,Non saldata,2024-03-31
tizianopaltrinieri@example.com,INV-2025-0999,1025.85,2024-03-02,Non saldata,2024-05-01
pnovaro@example.org,INV-2025-1000,446.72,2024-08-30,Saldata,2024-10-29
